[2025-10-14 19:05:10] local.ERROR: View [booking.index] not found. {"exception":"[object] (InvalidArgumentException(code: 0): View [booking.index] not found. at C:\\xampp\\htdocs\\PABW\\TA4\\TemuMakanan\\vendor\\laravel\\framework\\src\\Illuminate\\View\\FileViewFinder.php:138)
[stacktrace]
#0 C:\\xampp\\htdocs\\PABW\\TA4\\TemuMakanan\\vendor\\laravel\\framework\\src\\Illuminate\\View\\FileViewFinder.php(78): Illuminate\\View\\FileViewFinder->findInPaths('booking.index', Array)
#1 C:\\xampp\\htdocs\\PABW\\TA4\\TemuMakanan\\vendor\\laravel\\framework\\src\\Illuminate\\View\\Factory.php(150): Illuminate\\View\\FileViewFinder->find('booking.index')
#2 C:\\xampp\\htdocs\\PABW\\TA4\\TemuMakanan\\vendor\\laravel\\framework\\src\\Illuminate\\Foundation\\helpers.php(1101): Illuminate\\View\\Factory->make('booking.index', Array, Array)
#3 C:\\xampp\\htdocs\\PABW\\TA4\\TemuMakanan\\app\\Http\\Controllers\\BookingController.php(32): view('booking.index', Array)
#4 C:\\xampp\\htdocs\\PABW\\TA4\\TemuMakanan\\vendor\\laravel\\framework\\src\\Illuminate\\Routing\\ControllerDispatcher.php(46): App\\Http\\Controllers\\BookingController->index()
#5 C:\\xampp\\htdocs\\PABW\\TA4\\TemuMakanan\\vendor\\laravel\\framework\\src\\Illuminate\\Routing\\Route.php(265): Illuminate\\Routing\\ControllerDispatcher->dispatch(Object(Illuminate\\Routing\\Route), Object(App\\Http\\Controllers\\BookingController), 'index')
#6 C:\\xampp\\htdocs\\PABW\\TA4\\TemuMakanan\\vendor\\laravel\\framework\\src\\Illuminate\\Routing\\Route.php(211): Illuminate\\Routing\\Route->runController()
#7 C:\\xampp\\htdocs\\PABW\\TA4\\TemuMakanan\\vendor\\laravel\\framework\\src\\Illuminate\\Routing\\Router.php(822): Illuminate\\Routing\\Route->run()
#8 C:\\xampp\\htdocs\\PABW\\TA4\\TemuMakanan\\vendor\\laravel\\framework\\src\\Illuminate\\Pipeline\\Pipeline.php(180): Illuminate\\Routing\\Router->Illuminate\\Routing\\{closure}(Object(Illuminate\\Http\\Request))
#9 C:\\xampp\\htdocs\\PABW\\TA4\\TemuMakanan\\vendor\\laravel\\framework\\src\\Illuminate\\Routing\\Middleware\\SubstituteBindings.php(50): Illuminate\\Pipeline\\Pipeline->Illuminate\\Pipeline\\{closure}(Object(Illuminate\\Http\\Request))
#10 C:\\xampp\\htdocs\\PABW\\TA4\\TemuMakanan\\vendor\\laravel\\framework\\src\\Illuminate\\Pipeline\\Pipeline.php(219): Illuminate\\Routing\\Middleware\\SubstituteBindings->handle(Object(Illuminate\\Http\\Request), Object(Closure))
#11 C:\\xampp\\htdocs\\PABW\\TA4\\TemuMakanan\\vendor\\laravel\\framework\\src\\Illuminate\\Foundation\\Http\\Middleware\\VerifyCsrfToken.php(87): Illuminate\\Pipeline\\Pipeline->Illuminate\\Pipeline\\{closure}(Object(Illuminate\\Http\\Request))
#12 C:\\xampp\\htdocs\\PABW\\TA4\\TemuMakanan\\vendor\\laravel\\framework\\src\\Illuminate\\Pipeline\\Pipeline.php(219): Illuminate\\Foundation\\Http\\Middleware\\VerifyCsrfToken->handle(Object(Illuminate\\Http\\Request), Object(Closure))
#13 C:\\xampp\\htdocs\\PABW\\TA4\\TemuMakanan\\vendor\\laravel\\framework\\src\\Illuminate\\View\\Middleware\\ShareErrorsFromSession.php(48): Illuminate\\Pipeline\\Pipeline->Illuminate\\Pipeline\\{closure}(Object(Illuminate\\Http\\Request))
#14 C:\\xampp\\htdocs\\PABW\\TA4\\TemuMakanan\\vendor\\laravel\\framework\\src\\Illuminate\\Pipeline\\Pipeline.php(219): Illuminate\\View\\Middleware\\ShareErrorsFromSession->handle(Object(Illuminate\\Http\\Request), Object(Closure))
#15 C:\\xampp\\htdocs\\PABW\\TA4\\TemuMakanan\\vendor\\laravel\\framework\\src\\Illuminate\\Session\\Middleware\\StartSession.php(120): Illuminate\\Pipeline\\Pipeline->Illuminate\\Pipeline\\{closure}(Object(Illuminate\\Http\\Request))
#16 C:\\xampp\\htdocs\\PABW\\TA4\\TemuMakanan\\vendor\\laravel\\framework\\src\\Illuminate\\Session\\Middleware\\StartSession.php(63): Illuminate\\Session\\Middleware\\StartSession->handleStatefulRequest(Object(Illuminate\\Http\\Request), Object(Illuminate\\Session\\Store), Object(Closure))
#17 C:\\xampp\\htdocs\\PABW\\TA4\\TemuMakanan\\vendor\\laravel\\framework\\src\\Illuminate\\Pipeline\\Pipeline.php(219): Illuminate\\Session\\Middleware\\StartSession->handle(Object(Illuminate\\Http\\Request), Object(Closure))
#18 C:\\xampp\\htdocs\\PABW\\TA4\\TemuMakanan\\vendor\\laravel\\framework\\src\\Illuminate\\Cookie\\Middleware\\AddQueuedCookiesToResponse.php(36): Illuminate\\Pipeline\\Pipeline->Illuminate\\Pipeline\\{closure}(Object(Illuminate\\Http\\Request))
#19 C:\\xampp\\htdocs\\PABW\\TA4\\TemuMakanan\\vendor\\laravel\\framework\\src\\Illuminate\\Pipeline\\Pipeline.php(219): Illuminate\\Cookie\\Middleware\\AddQueuedCookiesToResponse->handle(Object(Illuminate\\Http\\Request), Object(Closure))
#20 C:\\xampp\\htdocs\\PABW\\TA4\\TemuMakanan\\vendor\\laravel\\framework\\src\\Illuminate\\Cookie\\Middleware\\EncryptCookies.php(74): Illuminate\\Pipeline\\Pipeline->Illuminate\\Pipeline\\{closure}(Object(Illuminate\\Http\\Request))
#21 C:\\xampp\\htdocs\\PABW\\TA4\\TemuMakanan\\vendor\\laravel\\framework\\src\\Illuminate\\Pipeline\\Pipeline.php(219): Illuminate\\Cookie\\Middleware\\EncryptCookies->handle(Object(Illuminate\\Http\\Request), Object(Closure))
#22 C:\\xampp\\htdocs\\PABW\\TA4\\TemuMakanan\\vendor\\laravel\\framework\\src\\Illuminate\\Pipeline\\Pipeline.php(137): Illuminate\\Pipeline\\Pipeline->Illuminate\\Pipeline\\{closure}(Object(Illuminate\\Http\\Request))
#23 C:\\xampp\\htdocs\\PABW\\TA4\\TemuMakanan\\vendor\\laravel\\framework\\src\\Illuminate\\Routing\\Router.php(821): Illuminate\\Pipeline\\Pipeline->then(Object(Closure))
#24 C:\\xampp\\htdocs\\PABW\\TA4\\TemuMakanan\\vendor\\laravel\\framework\\src\\Illuminate\\Routing\\Router.php(800): Illuminate\\Routing\\Router->runRouteWithinStack(Object(Illuminate\\Routing\\Route), Object(Illuminate\\Http\\Request))
#25 C:\\xampp\\htdocs\\PABW\\TA4\\TemuMakanan\\vendor\\laravel\\framework\\src\\Illuminate\\Routing\\Router.php(764): Illuminate\\Routing\\Router->runRoute(Object(Illuminate\\Http\\Request), Object(Illuminate\\Routing\\Route))
#26 C:\\xampp\\htdocs\\PABW\\TA4\\TemuMakanan\\vendor\\laravel\\framework\\src\\Illuminate\\Routing\\Router.php(753): Illuminate\\Routing\\Router->dispatchToRoute(Object(Illuminate\\Http\\Request))
#27 C:\\xampp\\htdocs\\PABW\\TA4\\TemuMakanan\\vendor\\laravel\\framework\\src\\Illuminate\\Foundation\\Http\\Kernel.php(200): Illuminate\\Routing\\Router->dispatch(Object(Illuminate\\Http\\Request))
#28 C:\\xampp\\htdocs\\PABW\\TA4\\TemuMakanan\\vendor\\laravel\\framework\\src\\Illuminate\\Pipeline\\Pipeline.php(180): Illuminate\\Foundation\\Http\\Kernel->Illuminate\\Foundation\\Http\\{closure}(Object(Illuminate\\Http\\Request))
#29 C:\\xampp\\htdocs\\PABW\\TA4\\TemuMakanan\\vendor\\laravel\\framework\\src\\Illuminate\\Foundation\\Http\\Middleware\\TransformsRequest.php(21): Illuminate\\Pipeline\\Pipeline->Illuminate\\Pipeline\\{closure}(Object(Illuminate\\Http\\Request))
#30 C:\\xampp\\htdocs\\PABW\\TA4\\TemuMakanan\\vendor\\laravel\\framework\\src\\Illuminate\\Foundation\\Http\\Middleware\\ConvertEmptyStringsToNull.php(31): Illuminate\\Foundation\\Http\\Middleware\\TransformsRequest->handle(Object(Illuminate\\Http\\Request), Object(Closure))
#31 C:\\xampp\\htdocs\\PABW\\TA4\\TemuMakanan\\vendor\\laravel\\framework\\src\\Illuminate\\Pipeline\\Pipeline.php(219): Illuminate\\Foundation\\Http\\Middleware\\ConvertEmptyStringsToNull->handle(Object(Illuminate\\Http\\Request), Object(Closure))
#32 C:\\xampp\\htdocs\\PABW\\TA4\\TemuMakanan\\vendor\\laravel\\framework\\src\\Illuminate\\Foundation\\Http\\Middleware\\TransformsRequest.php(21): Illuminate\\Pipeline\\Pipeline->Illuminate\\Pipeline\\{closure}(Object(Illuminate\\Http\\Request))
#33 C:\\xampp\\htdocs\\PABW\\TA4\\TemuMakanan\\vendor\\laravel\\framework\\src\\Illuminate\\Foundation\\Http\\Middleware\\TrimStrings.php(51): Illuminate\\Foundation\\Http\\Middleware\\TransformsRequest->handle(Object(Illuminate\\Http\\Request), Object(Closure))
#34 C:\\xampp\\htdocs\\PABW\\TA4\\TemuMakanan\\vendor\\laravel\\framework\\src\\Illuminate\\Pipeline\\Pipeline.php(219): Illuminate\\Foundation\\Http\\Middleware\\TrimStrings->handle(Object(Illuminate\\Http\\Request), Object(Closure))
#35 C:\\xampp\\htdocs\\PABW\\TA4\\TemuMakanan\\vendor\\laravel\\framework\\src\\Illuminate\\Http\\Middleware\\ValidatePostSize.php(27): Illuminate\\Pipeline\\Pipeline->Illuminate\\Pipeline\\{closure}(Object(Illuminate\\Http\\Request))
#36 C:\\xampp\\htdocs\\PABW\\TA4\\TemuMakanan\\vendor\\laravel\\framework\\src\\Illuminate\\Pipeline\\Pipeline.php(219): Illuminate\\Http\\Middleware\\ValidatePostSize->handle(Object(Illuminate\\Http\\Request), Object(Closure))
#37 C:\\xampp\\htdocs\\PABW\\TA4\\TemuMakanan\\vendor\\laravel\\framework\\src\\Illuminate\\Foundation\\Http\\Middleware\\PreventRequestsDuringMaintenance.php(109): Illuminate\\Pipeline\\Pipeline->Illuminate\\Pipeline\\{closure}(Object(Illuminate\\Http\\Request))
#38 C:\\xampp\\htdocs\\PABW\\TA4\\TemuMakanan\\vendor\\laravel\\framework\\src\\Illuminate\\Pipeline\\Pipeline.php(219): Illuminate\\Foundation\\Http\\Middleware\\PreventRequestsDuringMaintenance->handle(Object(Illuminate\\Http\\Request), Object(Closure))
#39 C:\\xampp\\htdocs\\PABW\\TA4\\TemuMakanan\\vendor\\laravel\\framework\\src\\Illuminate\\Http\\Middleware\\HandleCors.php(48): Illuminate\\Pipeline\\Pipeline->Illuminate\\Pipeline\\{closure}(Object(Illuminate\\Http\\Request))
#40 C:\\xampp\\htdocs\\PABW\\TA4\\TemuMakanan\\vendor\\laravel\\framework\\src\\Illuminate\\Pipeline\\Pipeline.php(219): Illuminate\\Http\\Middleware\\HandleCors->handle(Object(Illuminate\\Http\\Request), Object(Closure))
#41 C:\\xampp\\htdocs\\PABW\\TA4\\TemuMakanan\\vendor\\laravel\\framework\\src\\Illuminate\\Http\\Middleware\\TrustProxies.php(58): Illuminate\\Pipeline\\Pipeline->Illuminate\\Pipeline\\{closure}(Object(Illuminate\\Http\\Request))
#42 C:\\xampp\\htdocs\\PABW\\TA4\\TemuMakanan\\vendor\\laravel\\framework\\src\\Illuminate\\Pipeline\\Pipeline.php(219): Illuminate\\Http\\Middleware\\TrustProxies->handle(Object(Illuminate\\Http\\Request), Object(Closure))
#43 C:\\xampp\\htdocs\\PABW\\TA4\\TemuMakanan\\vendor\\laravel\\framework\\src\\Illuminate\\Foundation\\Http\\Middleware\\InvokeDeferredCallbacks.php(22): Illuminate\\Pipeline\\Pipeline->Illuminate\\Pipeline\\{closure}(Object(Illuminate\\Http\\Request))
#44 C:\\xampp\\htdocs\\PABW\\TA4\\TemuMakanan\\vendor\\laravel\\framework\\src\\Illuminate\\Pipeline\\Pipeline.php(219): Illuminate\\Foundation\\Http\\Middleware\\InvokeDeferredCallbacks->handle(Object(Illuminate\\Http\\Request), Object(Closure))
#45 C:\\xampp\\htdocs\\PABW\\TA4\\TemuMakanan\\vendor\\laravel\\framework\\src\\Illuminate\\Http\\Middleware\\ValidatePathEncoding.php(26): Illuminate\\Pipeline\\Pipeline->Illuminate\\Pipeline\\{closure}(Object(Illuminate\\Http\\Request))
#46 C:\\xampp\\htdocs\\PABW\\TA4\\TemuMakanan\\vendor\\laravel\\framework\\src\\Illuminate\\Pipeline\\Pipeline.php(219): Illuminate\\Http\\Middleware\\ValidatePathEncoding->handle(Object(Illuminate\\Http\\Request), Object(Closure))
#47 C:\\xampp\\htdocs\\PABW\\TA4\\TemuMakanan\\vendor\\laravel\\framework\\src\\Illuminate\\Pipeline\\Pipeline.php(137): Illuminate\\Pipeline\\Pipeline->Illuminate\\Pipeline\\{closure}(Object(Illuminate\\Http\\Request))
#48 C:\\xampp\\htdocs\\PABW\\TA4\\TemuMakanan\\vendor\\laravel\\framework\\src\\Illuminate\\Foundation\\Http\\Kernel.php(175): Illuminate\\Pipeline\\Pipeline->then(Object(Closure))
#49 C:\\xampp\\htdocs\\PABW\\TA4\\TemuMakanan\\vendor\\laravel\\framework\\src\\Illuminate\\Foundation\\Http\\Kernel.php(144): Illuminate\\Foundation\\Http\\Kernel->sendRequestThroughRouter(Object(Illuminate\\Http\\Request))
#50 C:\\xampp\\htdocs\\PABW\\TA4\\TemuMakanan\\vendor\\laravel\\framework\\src\\Illuminate\\Foundation\\Application.php(1220): Illuminate\\Foundation\\Http\\Kernel->handle(Object(Illuminate\\Http\\Request))
#51 C:\\xampp\\htdocs\\PABW\\TA4\\TemuMakanan\\public\\index.php(20): Illuminate\\Foundation\\Application->handleRequest(Object(Illuminate\\Http\\Request))
#52 C:\\xampp\\htdocs\\PABW\\TA4\\TemuMakanan\\vendor\\laravel\\framework\\src\\Illuminate\\Foundation\\resources\\server.php(23): require_once('C:\\\\xampp\\\\htdocs...')
#53 {main}
"} 
[2025-10-14 19:13:29] local.ERROR: Undefined array key "konselor" (View: C:\xampp\htdocs\PABW\TA4\TemuMakanan\resources\views\partials\booking-card.blade.php) (View: C:\xampp\htdocs\PABW\TA4\TemuMakanan\resources\views\partials\booking-card.blade.php) {"exception":"[object] (Illuminate\\View\\ViewException(code: 0): Undefined array key \"konselor\" (View: C:\\xampp\\htdocs\\PABW\\TA4\\TemuMakanan\\resources\\views\\partials\\booking-card.blade.php) (View: C:\\xampp\\htdocs\\PABW\\TA4\\TemuMakanan\\resources\\views\\partials\\booking-card.blade.php) at C:\\xampp\\htdocs\\PABW\\TA4\\TemuMakanan\\storage\\framework\\views\\7ce653aa5c6ed584e86745e1ba4cb81b.php:9)
[stacktrace]
#0 C:\\xampp\\htdocs\\PABW\\TA4\\TemuMakanan\\vendor\\laravel\\framework\\src\\Illuminate\\View\\Engines\\PhpEngine.php(59): Illuminate\\View\\Engines\\CompilerEngine->handleViewException(Object(Illuminate\\View\\ViewException), 1)
#1 C:\\xampp\\htdocs\\PABW\\TA4\\TemuMakanan\\vendor\\laravel\\framework\\src\\Illuminate\\View\\Engines\\CompilerEngine.php(76): Illuminate\\View\\Engines\\PhpEngine->evaluatePath('C:\\\\xampp\\\\htdocs...', Array)
#2 C:\\xampp\\htdocs\\PABW\\TA4\\TemuMakanan\\vendor\\laravel\\framework\\src\\Illuminate\\View\\View.php(208): Illuminate\\View\\Engines\\CompilerEngine->get('C:\\\\xampp\\\\htdocs...', Array)
#3 C:\\xampp\\htdocs\\PABW\\TA4\\TemuMakanan\\vendor\\laravel\\framework\\src\\Illuminate\\View\\View.php(191): Illuminate\\View\\View->getContents()
#4 C:\\xampp\\htdocs\\PABW\\TA4\\TemuMakanan\\vendor\\laravel\\framework\\src\\Illuminate\\View\\View.php(160): Illuminate\\View\\View->renderContents()
#5 C:\\xampp\\htdocs\\PABW\\TA4\\TemuMakanan\\vendor\\laravel\\framework\\src\\Illuminate\\Http\\Response.php(78): Illuminate\\View\\View->render()
#6 C:\\xampp\\htdocs\\PABW\\TA4\\TemuMakanan\\vendor\\laravel\\framework\\src\\Illuminate\\Http\\Response.php(34): Illuminate\\Http\\Response->setContent(Object(Illuminate\\View\\View))
#7 C:\\xampp\\htdocs\\PABW\\TA4\\TemuMakanan\\vendor\\laravel\\framework\\src\\Illuminate\\Routing\\Router.php(939): Illuminate\\Http\\Response->__construct(Object(Illuminate\\View\\View), 200, Array)
#8 C:\\xampp\\htdocs\\PABW\\TA4\\TemuMakanan\\vendor\\laravel\\framework\\src\\Illuminate\\Routing\\Router.php(906): Illuminate\\Routing\\Router::toResponse(Object(Illuminate\\Http\\Request), Object(Illuminate\\View\\View))
#9 C:\\xampp\\htdocs\\PABW\\TA4\\TemuMakanan\\vendor\\laravel\\framework\\src\\Illuminate\\Routing\\Router.php(821): Illuminate\\Routing\\Router->prepareResponse(Object(Illuminate\\Http\\Request), Object(Illuminate\\View\\View))
#10 C:\\xampp\\htdocs\\PABW\\TA4\\TemuMakanan\\vendor\\laravel\\framework\\src\\Illuminate\\Pipeline\\Pipeline.php(180): Illuminate\\Routing\\Router->Illuminate\\Routing\\{closure}(Object(Illuminate\\Http\\Request))
#11 C:\\xampp\\htdocs\\PABW\\TA4\\TemuMakanan\\vendor\\laravel\\framework\\src\\Illuminate\\Routing\\Middleware\\SubstituteBindings.php(50): Illuminate\\Pipeline\\Pipeline->Illuminate\\Pipeline\\{closure}(Object(Illuminate\\Http\\Request))
#12 C:\\xampp\\htdocs\\PABW\\TA4\\TemuMakanan\\vendor\\laravel\\framework\\src\\Illuminate\\Pipeline\\Pipeline.php(219): Illuminate\\Routing\\Middleware\\SubstituteBindings->handle(Object(Illuminate\\Http\\Request), Object(Closure))
#13 C:\\xampp\\htdocs\\PABW\\TA4\\TemuMakanan\\vendor\\laravel\\framework\\src\\Illuminate\\Foundation\\Http\\Middleware\\VerifyCsrfToken.php(87): Illuminate\\Pipeline\\Pipeline->Illuminate\\Pipeline\\{closure}(Object(Illuminate\\Http\\Request))
#14 C:\\xampp\\htdocs\\PABW\\TA4\\TemuMakanan\\vendor\\laravel\\framework\\src\\Illuminate\\Pipeline\\Pipeline.php(219): Illuminate\\Foundation\\Http\\Middleware\\VerifyCsrfToken->handle(Object(Illuminate\\Http\\Request), Object(Closure))
#15 C:\\xampp\\htdocs\\PABW\\TA4\\TemuMakanan\\vendor\\laravel\\framework\\src\\Illuminate\\View\\Middleware\\ShareErrorsFromSession.php(48): Illuminate\\Pipeline\\Pipeline->Illuminate\\Pipeline\\{closure}(Object(Illuminate\\Http\\Request))
#16 C:\\xampp\\htdocs\\PABW\\TA4\\TemuMakanan\\vendor\\laravel\\framework\\src\\Illuminate\\Pipeline\\Pipeline.php(219): Illuminate\\View\\Middleware\\ShareErrorsFromSession->handle(Object(Illuminate\\Http\\Request), Object(Closure))
#17 C:\\xampp\\htdocs\\PABW\\TA4\\TemuMakanan\\vendor\\laravel\\framework\\src\\Illuminate\\Session\\Middleware\\StartSession.php(120): Illuminate\\Pipeline\\Pipeline->Illuminate\\Pipeline\\{closure}(Object(Illuminate\\Http\\Request))
#18 C:\\xampp\\htdocs\\PABW\\TA4\\TemuMakanan\\vendor\\laravel\\framework\\src\\Illuminate\\Session\\Middleware\\StartSession.php(63): Illuminate\\Session\\Middleware\\StartSession->handleStatefulRequest(Object(Illuminate\\Http\\Request), Object(Illuminate\\Session\\Store), Object(Closure))
#19 C:\\xampp\\htdocs\\PABW\\TA4\\TemuMakanan\\vendor\\laravel\\framework\\src\\Illuminate\\Pipeline\\Pipeline.php(219): Illuminate\\Session\\Middleware\\StartSession->handle(Object(Illuminate\\Http\\Request), Object(Closure))
#20 C:\\xampp\\htdocs\\PABW\\TA4\\TemuMakanan\\vendor\\laravel\\framework\\src\\Illuminate\\Cookie\\Middleware\\AddQueuedCookiesToResponse.php(36): Illuminate\\Pipeline\\Pipeline->Illuminate\\Pipeline\\{closure}(Object(Illuminate\\Http\\Request))
#21 C:\\xampp\\htdocs\\PABW\\TA4\\TemuMakanan\\vendor\\laravel\\framework\\src\\Illuminate\\Pipeline\\Pipeline.php(219): Illuminate\\Cookie\\Middleware\\AddQueuedCookiesToResponse->handle(Object(Illuminate\\Http\\Request), Object(Closure))
#22 C:\\xampp\\htdocs\\PABW\\TA4\\TemuMakanan\\vendor\\laravel\\framework\\src\\Illuminate\\Cookie\\Middleware\\EncryptCookies.php(74): Illuminate\\Pipeline\\Pipeline->Illuminate\\Pipeline\\{closure}(Object(Illuminate\\Http\\Request))
#23 C:\\xampp\\htdocs\\PABW\\TA4\\TemuMakanan\\vendor\\laravel\\framework\\src\\Illuminate\\Pipeline\\Pipeline.php(219): Illuminate\\Cookie\\Middleware\\EncryptCookies->handle(Object(Illuminate\\Http\\Request), Object(Closure))
#24 C:\\xampp\\htdocs\\PABW\\TA4\\TemuMakanan\\vendor\\laravel\\framework\\src\\Illuminate\\Pipeline\\Pipeline.php(137): Illuminate\\Pipeline\\Pipeline->Illuminate\\Pipeline\\{closure}(Object(Illuminate\\Http\\Request))
#25 C:\\xampp\\htdocs\\PABW\\TA4\\TemuMakanan\\vendor\\laravel\\framework\\src\\Illuminate\\Routing\\Router.php(821): Illuminate\\Pipeline\\Pipeline->then(Object(Closure))
#26 C:\\xampp\\htdocs\\PABW\\TA4\\TemuMakanan\\vendor\\laravel\\framework\\src\\Illuminate\\Routing\\Router.php(800): Illuminate\\Routing\\Router->runRouteWithinStack(Object(Illuminate\\Routing\\Route), Object(Illuminate\\Http\\Request))
#27 C:\\xampp\\htdocs\\PABW\\TA4\\TemuMakanan\\vendor\\laravel\\framework\\src\\Illuminate\\Routing\\Router.php(764): Illuminate\\Routing\\Router->runRoute(Object(Illuminate\\Http\\Request), Object(Illuminate\\Routing\\Route))
#28 C:\\xampp\\htdocs\\PABW\\TA4\\TemuMakanan\\vendor\\laravel\\framework\\src\\Illuminate\\Routing\\Router.php(753): Illuminate\\Routing\\Router->dispatchToRoute(Object(Illuminate\\Http\\Request))
#29 C:\\xampp\\htdocs\\PABW\\TA4\\TemuMakanan\\vendor\\laravel\\framework\\src\\Illuminate\\Foundation\\Http\\Kernel.php(200): Illuminate\\Routing\\Router->dispatch(Object(Illuminate\\Http\\Request))
#30 C:\\xampp\\htdocs\\PABW\\TA4\\TemuMakanan\\vendor\\laravel\\framework\\src\\Illuminate\\Pipeline\\Pipeline.php(180): Illuminate\\Foundation\\Http\\Kernel->Illuminate\\Foundation\\Http\\{closure}(Object(Illuminate\\Http\\Request))
#31 C:\\xampp\\htdocs\\PABW\\TA4\\TemuMakanan\\vendor\\laravel\\framework\\src\\Illuminate\\Foundation\\Http\\Middleware\\TransformsRequest.php(21): Illuminate\\Pipeline\\Pipeline->Illuminate\\Pipeline\\{closure}(Object(Illuminate\\Http\\Request))
#32 C:\\xampp\\htdocs\\PABW\\TA4\\TemuMakanan\\vendor\\laravel\\framework\\src\\Illuminate\\Foundation\\Http\\Middleware\\ConvertEmptyStringsToNull.php(31): Illuminate\\Foundation\\Http\\Middleware\\TransformsRequest->handle(Object(Illuminate\\Http\\Request), Object(Closure))
#33 C:\\xampp\\htdocs\\PABW\\TA4\\TemuMakanan\\vendor\\laravel\\framework\\src\\Illuminate\\Pipeline\\Pipeline.php(219): Illuminate\\Foundation\\Http\\Middleware\\ConvertEmptyStringsToNull->handle(Object(Illuminate\\Http\\Request), Object(Closure))
#34 C:\\xampp\\htdocs\\PABW\\TA4\\TemuMakanan\\vendor\\laravel\\framework\\src\\Illuminate\\Foundation\\Http\\Middleware\\TransformsRequest.php(21): Illuminate\\Pipeline\\Pipeline->Illuminate\\Pipeline\\{closure}(Object(Illuminate\\Http\\Request))
#35 C:\\xampp\\htdocs\\PABW\\TA4\\TemuMakanan\\vendor\\laravel\\framework\\src\\Illuminate\\Foundation\\Http\\Middleware\\TrimStrings.php(51): Illuminate\\Foundation\\Http\\Middleware\\TransformsRequest->handle(Object(Illuminate\\Http\\Request), Object(Closure))
#36 C:\\xampp\\htdocs\\PABW\\TA4\\TemuMakanan\\vendor\\laravel\\framework\\src\\Illuminate\\Pipeline\\Pipeline.php(219): Illuminate\\Foundation\\Http\\Middleware\\TrimStrings->handle(Object(Illuminate\\Http\\Request), Object(Closure))
#37 C:\\xampp\\htdocs\\PABW\\TA4\\TemuMakanan\\vendor\\laravel\\framework\\src\\Illuminate\\Http\\Middleware\\ValidatePostSize.php(27): Illuminate\\Pipeline\\Pipeline->Illuminate\\Pipeline\\{closure}(Object(Illuminate\\Http\\Request))
#38 C:\\xampp\\htdocs\\PABW\\TA4\\TemuMakanan\\vendor\\laravel\\framework\\src\\Illuminate\\Pipeline\\Pipeline.php(219): Illuminate\\Http\\Middleware\\ValidatePostSize->handle(Object(Illuminate\\Http\\Request), Object(Closure))
#39 C:\\xampp\\htdocs\\PABW\\TA4\\TemuMakanan\\vendor\\laravel\\framework\\src\\Illuminate\\Foundation\\Http\\Middleware\\PreventRequestsDuringMaintenance.php(109): Illuminate\\Pipeline\\Pipeline->Illuminate\\Pipeline\\{closure}(Object(Illuminate\\Http\\Request))
#40 C:\\xampp\\htdocs\\PABW\\TA4\\TemuMakanan\\vendor\\laravel\\framework\\src\\Illuminate\\Pipeline\\Pipeline.php(219): Illuminate\\Foundation\\Http\\Middleware\\PreventRequestsDuringMaintenance->handle(Object(Illuminate\\Http\\Request), Object(Closure))
#41 C:\\xampp\\htdocs\\PABW\\TA4\\TemuMakanan\\vendor\\laravel\\framework\\src\\Illuminate\\Http\\Middleware\\HandleCors.php(48): Illuminate\\Pipeline\\Pipeline->Illuminate\\Pipeline\\{closure}(Object(Illuminate\\Http\\Request))
#42 C:\\xampp\\htdocs\\PABW\\TA4\\TemuMakanan\\vendor\\laravel\\framework\\src\\Illuminate\\Pipeline\\Pipeline.php(219): Illuminate\\Http\\Middleware\\HandleCors->handle(Object(Illuminate\\Http\\Request), Object(Closure))
#43 C:\\xampp\\htdocs\\PABW\\TA4\\TemuMakanan\\vendor\\laravel\\framework\\src\\Illuminate\\Http\\Middleware\\TrustProxies.php(58): Illuminate\\Pipeline\\Pipeline->Illuminate\\Pipeline\\{closure}(Object(Illuminate\\Http\\Request))
#44 C:\\xampp\\htdocs\\PABW\\TA4\\TemuMakanan\\vendor\\laravel\\framework\\src\\Illuminate\\Pipeline\\Pipeline.php(219): Illuminate\\Http\\Middleware\\TrustProxies->handle(Object(Illuminate\\Http\\Request), Object(Closure))
#45 C:\\xampp\\htdocs\\PABW\\TA4\\TemuMakanan\\vendor\\laravel\\framework\\src\\Illuminate\\Foundation\\Http\\Middleware\\InvokeDeferredCallbacks.php(22): Illuminate\\Pipeline\\Pipeline->Illuminate\\Pipeline\\{closure}(Object(Illuminate\\Http\\Request))
#46 C:\\xampp\\htdocs\\PABW\\TA4\\TemuMakanan\\vendor\\laravel\\framework\\src\\Illuminate\\Pipeline\\Pipeline.php(219): Illuminate\\Foundation\\Http\\Middleware\\InvokeDeferredCallbacks->handle(Object(Illuminate\\Http\\Request), Object(Closure))
#47 C:\\xampp\\htdocs\\PABW\\TA4\\TemuMakanan\\vendor\\laravel\\framework\\src\\Illuminate\\Http\\Middleware\\ValidatePathEncoding.php(26): Illuminate\\Pipeline\\Pipeline->Illuminate\\Pipeline\\{closure}(Object(Illuminate\\Http\\Request))
#48 C:\\xampp\\htdocs\\PABW\\TA4\\TemuMakanan\\vendor\\laravel\\framework\\src\\Illuminate\\Pipeline\\Pipeline.php(219): Illuminate\\Http\\Middleware\\ValidatePathEncoding->handle(Object(Illuminate\\Http\\Request), Object(Closure))
#49 C:\\xampp\\htdocs\\PABW\\TA4\\TemuMakanan\\vendor\\laravel\\framework\\src\\Illuminate\\Pipeline\\Pipeline.php(137): Illuminate\\Pipeline\\Pipeline->Illuminate\\Pipeline\\{closure}(Object(Illuminate\\Http\\Request))
#50 C:\\xampp\\htdocs\\PABW\\TA4\\TemuMakanan\\vendor\\laravel\\framework\\src\\Illuminate\\Foundation\\Http\\Kernel.php(175): Illuminate\\Pipeline\\Pipeline->then(Object(Closure))
#51 C:\\xampp\\htdocs\\PABW\\TA4\\TemuMakanan\\vendor\\laravel\\framework\\src\\Illuminate\\Foundation\\Http\\Kernel.php(144): Illuminate\\Foundation\\Http\\Kernel->sendRequestThroughRouter(Object(Illuminate\\Http\\Request))
#52 C:\\xampp\\htdocs\\PABW\\TA4\\TemuMakanan\\vendor\\laravel\\framework\\src\\Illuminate\\Foundation\\Application.php(1220): Illuminate\\Foundation\\Http\\Kernel->handle(Object(Illuminate\\Http\\Request))
#53 C:\\xampp\\htdocs\\PABW\\TA4\\TemuMakanan\\public\\index.php(20): Illuminate\\Foundation\\Application->handleRequest(Object(Illuminate\\Http\\Request))
#54 C:\\xampp\\htdocs\\PABW\\TA4\\TemuMakanan\\vendor\\laravel\\framework\\src\\Illuminate\\Foundation\\resources\\server.php(23): require_once('C:\\\\xampp\\\\htdocs...')
#55 {main}

[previous exception] [object] (Illuminate\\View\\ViewException(code: 0): Undefined array key \"konselor\" (View: C:\\xampp\\htdocs\\PABW\\TA4\\TemuMakanan\\resources\\views\\partials\\booking-card.blade.php) at C:\\xampp\\htdocs\\PABW\\TA4\\TemuMakanan\\storage\\framework\\views\\7ce653aa5c6ed584e86745e1ba4cb81b.php:9)
[stacktrace]
#0 C:\\xampp\\htdocs\\PABW\\TA4\\TemuMakanan\\vendor\\laravel\\framework\\src\\Illuminate\\View\\Engines\\PhpEngine.php(59): Illuminate\\View\\Engines\\CompilerEngine->handleViewException(Object(ErrorException), 3)
#1 C:\\xampp\\htdocs\\PABW\\TA4\\TemuMakanan\\vendor\\laravel\\framework\\src\\Illuminate\\View\\Engines\\CompilerEngine.php(76): Illuminate\\View\\Engines\\PhpEngine->evaluatePath('C:\\\\xampp\\\\htdocs...', Array)
#2 C:\\xampp\\htdocs\\PABW\\TA4\\TemuMakanan\\vendor\\laravel\\framework\\src\\Illuminate\\View\\View.php(208): Illuminate\\View\\Engines\\CompilerEngine->get('C:\\\\xampp\\\\htdocs...', Array)
#3 C:\\xampp\\htdocs\\PABW\\TA4\\TemuMakanan\\vendor\\laravel\\framework\\src\\Illuminate\\View\\View.php(191): Illuminate\\View\\View->getContents()
#4 C:\\xampp\\htdocs\\PABW\\TA4\\TemuMakanan\\vendor\\laravel\\framework\\src\\Illuminate\\View\\View.php(160): Illuminate\\View\\View->renderContents()
#5 C:\\xampp\\htdocs\\PABW\\TA4\\TemuMakanan\\storage\\framework\\views\\0964f019d5e14583212c04379414a47f.php(35): Illuminate\\View\\View->render()
#6 C:\\xampp\\htdocs\\PABW\\TA4\\TemuMakanan\\vendor\\laravel\\framework\\src\\Illuminate\\Filesystem\\Filesystem.php(123): require('C:\\\\xampp\\\\htdocs...')
#7 C:\\xampp\\htdocs\\PABW\\TA4\\TemuMakanan\\vendor\\laravel\\framework\\src\\Illuminate\\Filesystem\\Filesystem.php(124): Illuminate\\Filesystem\\Filesystem::Illuminate\\Filesystem\\{closure}()
#8 C:\\xampp\\htdocs\\PABW\\TA4\\TemuMakanan\\vendor\\laravel\\framework\\src\\Illuminate\\View\\Engines\\PhpEngine.php(57): Illuminate\\Filesystem\\Filesystem->getRequire('C:\\\\xampp\\\\htdocs...', Array)
#9 C:\\xampp\\htdocs\\PABW\\TA4\\TemuMakanan\\vendor\\laravel\\framework\\src\\Illuminate\\View\\Engines\\CompilerEngine.php(76): Illuminate\\View\\Engines\\PhpEngine->evaluatePath('C:\\\\xampp\\\\htdocs...', Array)
#10 C:\\xampp\\htdocs\\PABW\\TA4\\TemuMakanan\\vendor\\laravel\\framework\\src\\Illuminate\\View\\View.php(208): Illuminate\\View\\Engines\\CompilerEngine->get('C:\\\\xampp\\\\htdocs...', Array)
#11 C:\\xampp\\htdocs\\PABW\\TA4\\TemuMakanan\\vendor\\laravel\\framework\\src\\Illuminate\\View\\View.php(191): Illuminate\\View\\View->getContents()
#12 C:\\xampp\\htdocs\\PABW\\TA4\\TemuMakanan\\vendor\\laravel\\framework\\src\\Illuminate\\View\\View.php(160): Illuminate\\View\\View->renderContents()
#13 C:\\xampp\\htdocs\\PABW\\TA4\\TemuMakanan\\vendor\\laravel\\framework\\src\\Illuminate\\Http\\Response.php(78): Illuminate\\View\\View->render()
#14 C:\\xampp\\htdocs\\PABW\\TA4\\TemuMakanan\\vendor\\laravel\\framework\\src\\Illuminate\\Http\\Response.php(34): Illuminate\\Http\\Response->setContent(Object(Illuminate\\View\\View))
#15 C:\\xampp\\htdocs\\PABW\\TA4\\TemuMakanan\\vendor\\laravel\\framework\\src\\Illuminate\\Routing\\Router.php(939): Illuminate\\Http\\Response->__construct(Object(Illuminate\\View\\View), 200, Array)
#16 C:\\xampp\\htdocs\\PABW\\TA4\\TemuMakanan\\vendor\\laravel\\framework\\src\\Illuminate\\Routing\\Router.php(906): Illuminate\\Routing\\Router::toResponse(Object(Illuminate\\Http\\Request), Object(Illuminate\\View\\View))
#17 C:\\xampp\\htdocs\\PABW\\TA4\\TemuMakanan\\vendor\\laravel\\framework\\src\\Illuminate\\Routing\\Router.php(821): Illuminate\\Routing\\Router->prepareResponse(Object(Illuminate\\Http\\Request), Object(Illuminate\\View\\View))
#18 C:\\xampp\\htdocs\\PABW\\TA4\\TemuMakanan\\vendor\\laravel\\framework\\src\\Illuminate\\Pipeline\\Pipeline.php(180): Illuminate\\Routing\\Router->Illuminate\\Routing\\{closure}(Object(Illuminate\\Http\\Request))
#19 C:\\xampp\\htdocs\\PABW\\TA4\\TemuMakanan\\vendor\\laravel\\framework\\src\\Illuminate\\Routing\\Middleware\\SubstituteBindings.php(50): Illuminate\\Pipeline\\Pipeline->Illuminate\\Pipeline\\{closure}(Object(Illuminate\\Http\\Request))
#20 C:\\xampp\\htdocs\\PABW\\TA4\\TemuMakanan\\vendor\\laravel\\framework\\src\\Illuminate\\Pipeline\\Pipeline.php(219): Illuminate\\Routing\\Middleware\\SubstituteBindings->handle(Object(Illuminate\\Http\\Request), Object(Closure))
#21 C:\\xampp\\htdocs\\PABW\\TA4\\TemuMakanan\\vendor\\laravel\\framework\\src\\Illuminate\\Foundation\\Http\\Middleware\\VerifyCsrfToken.php(87): Illuminate\\Pipeline\\Pipeline->Illuminate\\Pipeline\\{closure}(Object(Illuminate\\Http\\Request))
#22 C:\\xampp\\htdocs\\PABW\\TA4\\TemuMakanan\\vendor\\laravel\\framework\\src\\Illuminate\\Pipeline\\Pipeline.php(219): Illuminate\\Foundation\\Http\\Middleware\\VerifyCsrfToken->handle(Object(Illuminate\\Http\\Request), Object(Closure))
#23 C:\\xampp\\htdocs\\PABW\\TA4\\TemuMakanan\\vendor\\laravel\\framework\\src\\Illuminate\\View\\Middleware\\ShareErrorsFromSession.php(48): Illuminate\\Pipeline\\Pipeline->Illuminate\\Pipeline\\{closure}(Object(Illuminate\\Http\\Request))
#24 C:\\xampp\\htdocs\\PABW\\TA4\\TemuMakanan\\vendor\\laravel\\framework\\src\\Illuminate\\Pipeline\\Pipeline.php(219): Illuminate\\View\\Middleware\\ShareErrorsFromSession->handle(Object(Illuminate\\Http\\Request), Object(Closure))
#25 C:\\xampp\\htdocs\\PABW\\TA4\\TemuMakanan\\vendor\\laravel\\framework\\src\\Illuminate\\Session\\Middleware\\StartSession.php(120): Illuminate\\Pipeline\\Pipeline->Illuminate\\Pipeline\\{closure}(Object(Illuminate\\Http\\Request))
#26 C:\\xampp\\htdocs\\PABW\\TA4\\TemuMakanan\\vendor\\laravel\\framework\\src\\Illuminate\\Session\\Middleware\\StartSession.php(63): Illuminate\\Session\\Middleware\\StartSession->handleStatefulRequest(Object(Illuminate\\Http\\Request), Object(Illuminate\\Session\\Store), Object(Closure))
#27 C:\\xampp\\htdocs\\PABW\\TA4\\TemuMakanan\\vendor\\laravel\\framework\\src\\Illuminate\\Pipeline\\Pipeline.php(219): Illuminate\\Session\\Middleware\\StartSession->handle(Object(Illuminate\\Http\\Request), Object(Closure))
#28 C:\\xampp\\htdocs\\PABW\\TA4\\TemuMakanan\\vendor\\laravel\\framework\\src\\Illuminate\\Cookie\\Middleware\\AddQueuedCookiesToResponse.php(36): Illuminate\\Pipeline\\Pipeline->Illuminate\\Pipeline\\{closure}(Object(Illuminate\\Http\\Request))
#29 C:\\xampp\\htdocs\\PABW\\TA4\\TemuMakanan\\vendor\\laravel\\framework\\src\\Illuminate\\Pipeline\\Pipeline.php(219): Illuminate\\Cookie\\Middleware\\AddQueuedCookiesToResponse->handle(Object(Illuminate\\Http\\Request), Object(Closure))
#30 C:\\xampp\\htdocs\\PABW\\TA4\\TemuMakanan\\vendor\\laravel\\framework\\src\\Illuminate\\Cookie\\Middleware\\EncryptCookies.php(74): Illuminate\\Pipeline\\Pipeline->Illuminate\\Pipeline\\{closure}(Object(Illuminate\\Http\\Request))
#31 C:\\xampp\\htdocs\\PABW\\TA4\\TemuMakanan\\vendor\\laravel\\framework\\src\\Illuminate\\Pipeline\\Pipeline.php(219): Illuminate\\Cookie\\Middleware\\EncryptCookies->handle(Object(Illuminate\\Http\\Request), Object(Closure))
#32 C:\\xampp\\htdocs\\PABW\\TA4\\TemuMakanan\\vendor\\laravel\\framework\\src\\Illuminate\\Pipeline\\Pipeline.php(137): Illuminate\\Pipeline\\Pipeline->Illuminate\\Pipeline\\{closure}(Object(Illuminate\\Http\\Request))
#33 C:\\xampp\\htdocs\\PABW\\TA4\\TemuMakanan\\vendor\\laravel\\framework\\src\\Illuminate\\Routing\\Router.php(821): Illuminate\\Pipeline\\Pipeline->then(Object(Closure))
#34 C:\\xampp\\htdocs\\PABW\\TA4\\TemuMakanan\\vendor\\laravel\\framework\\src\\Illuminate\\Routing\\Router.php(800): Illuminate\\Routing\\Router->runRouteWithinStack(Object(Illuminate\\Routing\\Route), Object(Illuminate\\Http\\Request))
#35 C:\\xampp\\htdocs\\PABW\\TA4\\TemuMakanan\\vendor\\laravel\\framework\\src\\Illuminate\\Routing\\Router.php(764): Illuminate\\Routing\\Router->runRoute(Object(Illuminate\\Http\\Request), Object(Illuminate\\Routing\\Route))
#36 C:\\xampp\\htdocs\\PABW\\TA4\\TemuMakanan\\vendor\\laravel\\framework\\src\\Illuminate\\Routing\\Router.php(753): Illuminate\\Routing\\Router->dispatchToRoute(Object(Illuminate\\Http\\Request))
#37 C:\\xampp\\htdocs\\PABW\\TA4\\TemuMakanan\\vendor\\laravel\\framework\\src\\Illuminate\\Foundation\\Http\\Kernel.php(200): Illuminate\\Routing\\Router->dispatch(Object(Illuminate\\Http\\Request))
#38 C:\\xampp\\htdocs\\PABW\\TA4\\TemuMakanan\\vendor\\laravel\\framework\\src\\Illuminate\\Pipeline\\Pipeline.php(180): Illuminate\\Foundation\\Http\\Kernel->Illuminate\\Foundation\\Http\\{closure}(Object(Illuminate\\Http\\Request))
#39 C:\\xampp\\htdocs\\PABW\\TA4\\TemuMakanan\\vendor\\laravel\\framework\\src\\Illuminate\\Foundation\\Http\\Middleware\\TransformsRequest.php(21): Illuminate\\Pipeline\\Pipeline->Illuminate\\Pipeline\\{closure}(Object(Illuminate\\Http\\Request))
#40 C:\\xampp\\htdocs\\PABW\\TA4\\TemuMakanan\\vendor\\laravel\\framework\\src\\Illuminate\\Foundation\\Http\\Middleware\\ConvertEmptyStringsToNull.php(31): Illuminate\\Foundation\\Http\\Middleware\\TransformsRequest->handle(Object(Illuminate\\Http\\Request), Object(Closure))
#41 C:\\xampp\\htdocs\\PABW\\TA4\\TemuMakanan\\vendor\\laravel\\framework\\src\\Illuminate\\Pipeline\\Pipeline.php(219): Illuminate\\Foundation\\Http\\Middleware\\ConvertEmptyStringsToNull->handle(Object(Illuminate\\Http\\Request), Object(Closure))
#42 C:\\xampp\\htdocs\\PABW\\TA4\\TemuMakanan\\vendor\\laravel\\framework\\src\\Illuminate\\Foundation\\Http\\Middleware\\TransformsRequest.php(21): Illuminate\\Pipeline\\Pipeline->Illuminate\\Pipeline\\{closure}(Object(Illuminate\\Http\\Request))
#43 C:\\xampp\\htdocs\\PABW\\TA4\\TemuMakanan\\vendor\\laravel\\framework\\src\\Illuminate\\Foundation\\Http\\Middleware\\TrimStrings.php(51): Illuminate\\Foundation\\Http\\Middleware\\TransformsRequest->handle(Object(Illuminate\\Http\\Request), Object(Closure))
#44 C:\\xampp\\htdocs\\PABW\\TA4\\TemuMakanan\\vendor\\laravel\\framework\\src\\Illuminate\\Pipeline\\Pipeline.php(219): Illuminate\\Foundation\\Http\\Middleware\\TrimStrings->handle(Object(Illuminate\\Http\\Request), Object(Closure))
#45 C:\\xampp\\htdocs\\PABW\\TA4\\TemuMakanan\\vendor\\laravel\\framework\\src\\Illuminate\\Http\\Middleware\\ValidatePostSize.php(27): Illuminate\\Pipeline\\Pipeline->Illuminate\\Pipeline\\{closure}(Object(Illuminate\\Http\\Request))
#46 C:\\xampp\\htdocs\\PABW\\TA4\\TemuMakanan\\vendor\\laravel\\framework\\src\\Illuminate\\Pipeline\\Pipeline.php(219): Illuminate\\Http\\Middleware\\ValidatePostSize->handle(Object(Illuminate\\Http\\Request), Object(Closure))
#47 C:\\xampp\\htdocs\\PABW\\TA4\\TemuMakanan\\vendor\\laravel\\framework\\src\\Illuminate\\Foundation\\Http\\Middleware\\PreventRequestsDuringMaintenance.php(109): Illuminate\\Pipeline\\Pipeline->Illuminate\\Pipeline\\{closure}(Object(Illuminate\\Http\\Request))
#48 C:\\xampp\\htdocs\\PABW\\TA4\\TemuMakanan\\vendor\\laravel\\framework\\src\\Illuminate\\Pipeline\\Pipeline.php(219): Illuminate\\Foundation\\Http\\Middleware\\PreventRequestsDuringMaintenance->handle(Object(Illuminate\\Http\\Request), Object(Closure))
#49 C:\\xampp\\htdocs\\PABW\\TA4\\TemuMakanan\\vendor\\laravel\\framework\\src\\Illuminate\\Http\\Middleware\\HandleCors.php(48): Illuminate\\Pipeline\\Pipeline->Illuminate\\Pipeline\\{closure}(Object(Illuminate\\Http\\Request))
#50 C:\\xampp\\htdocs\\PABW\\TA4\\TemuMakanan\\vendor\\laravel\\framework\\src\\Illuminate\\Pipeline\\Pipeline.php(219): Illuminate\\Http\\Middleware\\HandleCors->handle(Object(Illuminate\\Http\\Request), Object(Closure))
#51 C:\\xampp\\htdocs\\PABW\\TA4\\TemuMakanan\\vendor\\laravel\\framework\\src\\Illuminate\\Http\\Middleware\\TrustProxies.php(58): Illuminate\\Pipeline\\Pipeline->Illuminate\\Pipeline\\{closure}(Object(Illuminate\\Http\\Request))
#52 C:\\xampp\\htdocs\\PABW\\TA4\\TemuMakanan\\vendor\\laravel\\framework\\src\\Illuminate\\Pipeline\\Pipeline.php(219): Illuminate\\Http\\Middleware\\TrustProxies->handle(Object(Illuminate\\Http\\Request), Object(Closure))
#53 C:\\xampp\\htdocs\\PABW\\TA4\\TemuMakanan\\vendor\\laravel\\framework\\src\\Illuminate\\Foundation\\Http\\Middleware\\InvokeDeferredCallbacks.php(22): Illuminate\\Pipeline\\Pipeline->Illuminate\\Pipeline\\{closure}(Object(Illuminate\\Http\\Request))
#54 C:\\xampp\\htdocs\\PABW\\TA4\\TemuMakanan\\vendor\\laravel\\framework\\src\\Illuminate\\Pipeline\\Pipeline.php(219): Illuminate\\Foundation\\Http\\Middleware\\InvokeDeferredCallbacks->handle(Object(Illuminate\\Http\\Request), Object(Closure))
#55 C:\\xampp\\htdocs\\PABW\\TA4\\TemuMakanan\\vendor\\laravel\\framework\\src\\Illuminate\\Http\\Middleware\\ValidatePathEncoding.php(26): Illuminate\\Pipeline\\Pipeline->Illuminate\\Pipeline\\{closure}(Object(Illuminate\\Http\\Request))
#56 C:\\xampp\\htdocs\\PABW\\TA4\\TemuMakanan\\vendor\\laravel\\framework\\src\\Illuminate\\Pipeline\\Pipeline.php(219): Illuminate\\Http\\Middleware\\ValidatePathEncoding->handle(Object(Illuminate\\Http\\Request), Object(Closure))
#57 C:\\xampp\\htdocs\\PABW\\TA4\\TemuMakanan\\vendor\\laravel\\framework\\src\\Illuminate\\Pipeline\\Pipeline.php(137): Illuminate\\Pipeline\\Pipeline->Illuminate\\Pipeline\\{closure}(Object(Illuminate\\Http\\Request))
#58 C:\\xampp\\htdocs\\PABW\\TA4\\TemuMakanan\\vendor\\laravel\\framework\\src\\Illuminate\\Foundation\\Http\\Kernel.php(175): Illuminate\\Pipeline\\Pipeline->then(Object(Closure))
#59 C:\\xampp\\htdocs\\PABW\\TA4\\TemuMakanan\\vendor\\laravel\\framework\\src\\Illuminate\\Foundation\\Http\\Kernel.php(144): Illuminate\\Foundation\\Http\\Kernel->sendRequestThroughRouter(Object(Illuminate\\Http\\Request))
#60 C:\\xampp\\htdocs\\PABW\\TA4\\TemuMakanan\\vendor\\laravel\\framework\\src\\Illuminate\\Foundation\\Application.php(1220): Illuminate\\Foundation\\Http\\Kernel->handle(Object(Illuminate\\Http\\Request))
#61 C:\\xampp\\htdocs\\PABW\\TA4\\TemuMakanan\\public\\index.php(20): Illuminate\\Foundation\\Application->handleRequest(Object(Illuminate\\Http\\Request))
#62 C:\\xampp\\htdocs\\PABW\\TA4\\TemuMakanan\\vendor\\laravel\\framework\\src\\Illuminate\\Foundation\\resources\\server.php(23): require_once('C:\\\\xampp\\\\htdocs...')
#63 {main}

[previous exception] [object] (ErrorException(code: 0): Undefined array key \"konselor\" at C:\\xampp\\htdocs\\PABW\\TA4\\TemuMakanan\\storage\\framework\\views\\7ce653aa5c6ed584e86745e1ba4cb81b.php:9)
[stacktrace]
#0 C:\\xampp\\htdocs\\PABW\\TA4\\TemuMakanan\\vendor\\laravel\\framework\\src\\Illuminate\\Foundation\\Bootstrap\\HandleExceptions.php(258): Illuminate\\Foundation\\Bootstrap\\HandleExceptions->handleError(2, 'Undefined array...', 'C:\\\\xampp\\\\htdocs...', 9)
#1 C:\\xampp\\htdocs\\PABW\\TA4\\TemuMakanan\\storage\\framework\\views\\7ce653aa5c6ed584e86745e1ba4cb81b.php(9): Illuminate\\Foundation\\Bootstrap\\HandleExceptions->Illuminate\\Foundation\\Bootstrap\\{closure}(2, 'Undefined array...', 'C:\\\\xampp\\\\htdocs...', 9)
#2 C:\\xampp\\htdocs\\PABW\\TA4\\TemuMakanan\\vendor\\laravel\\framework\\src\\Illuminate\\Filesystem\\Filesystem.php(123): require('C:\\\\xampp\\\\htdocs...')
#3 C:\\xampp\\htdocs\\PABW\\TA4\\TemuMakanan\\vendor\\laravel\\framework\\src\\Illuminate\\Filesystem\\Filesystem.php(124): Illuminate\\Filesystem\\Filesystem::Illuminate\\Filesystem\\{closure}()
#4 C:\\xampp\\htdocs\\PABW\\TA4\\TemuMakanan\\vendor\\laravel\\framework\\src\\Illuminate\\View\\Engines\\PhpEngine.php(57): Illuminate\\Filesystem\\Filesystem->getRequire('C:\\\\xampp\\\\htdocs...', Array)
#5 C:\\xampp\\htdocs\\PABW\\TA4\\TemuMakanan\\vendor\\laravel\\framework\\src\\Illuminate\\View\\Engines\\CompilerEngine.php(76): Illuminate\\View\\Engines\\PhpEngine->evaluatePath('C:\\\\xampp\\\\htdocs...', Array)
#6 C:\\xampp\\htdocs\\PABW\\TA4\\TemuMakanan\\vendor\\laravel\\framework\\src\\Illuminate\\View\\View.php(208): Illuminate\\View\\Engines\\CompilerEngine->get('C:\\\\xampp\\\\htdocs...', Array)
#7 C:\\xampp\\htdocs\\PABW\\TA4\\TemuMakanan\\vendor\\laravel\\framework\\src\\Illuminate\\View\\View.php(191): Illuminate\\View\\View->getContents()
#8 C:\\xampp\\htdocs\\PABW\\TA4\\TemuMakanan\\vendor\\laravel\\framework\\src\\Illuminate\\View\\View.php(160): Illuminate\\View\\View->renderContents()
#9 C:\\xampp\\htdocs\\PABW\\TA4\\TemuMakanan\\storage\\framework\\views\\0964f019d5e14583212c04379414a47f.php(35): Illuminate\\View\\View->render()
#10 C:\\xampp\\htdocs\\PABW\\TA4\\TemuMakanan\\vendor\\laravel\\framework\\src\\Illuminate\\Filesystem\\Filesystem.php(123): require('C:\\\\xampp\\\\htdocs...')
#11 C:\\xampp\\htdocs\\PABW\\TA4\\TemuMakanan\\vendor\\laravel\\framework\\src\\Illuminate\\Filesystem\\Filesystem.php(124): Illuminate\\Filesystem\\Filesystem::Illuminate\\Filesystem\\{closure}()
#12 C:\\xampp\\htdocs\\PABW\\TA4\\TemuMakanan\\vendor\\laravel\\framework\\src\\Illuminate\\View\\Engines\\PhpEngine.php(57): Illuminate\\Filesystem\\Filesystem->getRequire('C:\\\\xampp\\\\htdocs...', Array)
#13 C:\\xampp\\htdocs\\PABW\\TA4\\TemuMakanan\\vendor\\laravel\\framework\\src\\Illuminate\\View\\Engines\\CompilerEngine.php(76): Illuminate\\View\\Engines\\PhpEngine->evaluatePath('C:\\\\xampp\\\\htdocs...', Array)
#14 C:\\xampp\\htdocs\\PABW\\TA4\\TemuMakanan\\vendor\\laravel\\framework\\src\\Illuminate\\View\\View.php(208): Illuminate\\View\\Engines\\CompilerEngine->get('C:\\\\xampp\\\\htdocs...', Array)
#15 C:\\xampp\\htdocs\\PABW\\TA4\\TemuMakanan\\vendor\\laravel\\framework\\src\\Illuminate\\View\\View.php(191): Illuminate\\View\\View->getContents()
#16 C:\\xampp\\htdocs\\PABW\\TA4\\TemuMakanan\\vendor\\laravel\\framework\\src\\Illuminate\\View\\View.php(160): Illuminate\\View\\View->renderContents()
#17 C:\\xampp\\htdocs\\PABW\\TA4\\TemuMakanan\\vendor\\laravel\\framework\\src\\Illuminate\\Http\\Response.php(78): Illuminate\\View\\View->render()
#18 C:\\xampp\\htdocs\\PABW\\TA4\\TemuMakanan\\vendor\\laravel\\framework\\src\\Illuminate\\Http\\Response.php(34): Illuminate\\Http\\Response->setContent(Object(Illuminate\\View\\View))
#19 C:\\xampp\\htdocs\\PABW\\TA4\\TemuMakanan\\vendor\\laravel\\framework\\src\\Illuminate\\Routing\\Router.php(939): Illuminate\\Http\\Response->__construct(Object(Illuminate\\View\\View), 200, Array)
#20 C:\\xampp\\htdocs\\PABW\\TA4\\TemuMakanan\\vendor\\laravel\\framework\\src\\Illuminate\\Routing\\Router.php(906): Illuminate\\Routing\\Router::toResponse(Object(Illuminate\\Http\\Request), Object(Illuminate\\View\\View))
#21 C:\\xampp\\htdocs\\PABW\\TA4\\TemuMakanan\\vendor\\laravel\\framework\\src\\Illuminate\\Routing\\Router.php(821): Illuminate\\Routing\\Router->prepareResponse(Object(Illuminate\\Http\\Request), Object(Illuminate\\View\\View))
#22 C:\\xampp\\htdocs\\PABW\\TA4\\TemuMakanan\\vendor\\laravel\\framework\\src\\Illuminate\\Pipeline\\Pipeline.php(180): Illuminate\\Routing\\Router->Illuminate\\Routing\\{closure}(Object(Illuminate\\Http\\Request))
#23 C:\\xampp\\htdocs\\PABW\\TA4\\TemuMakanan\\vendor\\laravel\\framework\\src\\Illuminate\\Routing\\Middleware\\SubstituteBindings.php(50): Illuminate\\Pipeline\\Pipeline->Illuminate\\Pipeline\\{closure}(Object(Illuminate\\Http\\Request))
#24 C:\\xampp\\htdocs\\PABW\\TA4\\TemuMakanan\\vendor\\laravel\\framework\\src\\Illuminate\\Pipeline\\Pipeline.php(219): Illuminate\\Routing\\Middleware\\SubstituteBindings->handle(Object(Illuminate\\Http\\Request), Object(Closure))
#25 C:\\xampp\\htdocs\\PABW\\TA4\\TemuMakanan\\vendor\\laravel\\framework\\src\\Illuminate\\Foundation\\Http\\Middleware\\VerifyCsrfToken.php(87): Illuminate\\Pipeline\\Pipeline->Illuminate\\Pipeline\\{closure}(Object(Illuminate\\Http\\Request))
#26 C:\\xampp\\htdocs\\PABW\\TA4\\TemuMakanan\\vendor\\laravel\\framework\\src\\Illuminate\\Pipeline\\Pipeline.php(219): Illuminate\\Foundation\\Http\\Middleware\\VerifyCsrfToken->handle(Object(Illuminate\\Http\\Request), Object(Closure))
#27 C:\\xampp\\htdocs\\PABW\\TA4\\TemuMakanan\\vendor\\laravel\\framework\\src\\Illuminate\\View\\Middleware\\ShareErrorsFromSession.php(48): Illuminate\\Pipeline\\Pipeline->Illuminate\\Pipeline\\{closure}(Object(Illuminate\\Http\\Request))
#28 C:\\xampp\\htdocs\\PABW\\TA4\\TemuMakanan\\vendor\\laravel\\framework\\src\\Illuminate\\Pipeline\\Pipeline.php(219): Illuminate\\View\\Middleware\\ShareErrorsFromSession->handle(Object(Illuminate\\Http\\Request), Object(Closure))
#29 C:\\xampp\\htdocs\\PABW\\TA4\\TemuMakanan\\vendor\\laravel\\framework\\src\\Illuminate\\Session\\Middleware\\StartSession.php(120): Illuminate\\Pipeline\\Pipeline->Illuminate\\Pipeline\\{closure}(Object(Illuminate\\Http\\Request))
#30 C:\\xampp\\htdocs\\PABW\\TA4\\TemuMakanan\\vendor\\laravel\\framework\\src\\Illuminate\\Session\\Middleware\\StartSession.php(63): Illuminate\\Session\\Middleware\\StartSession->handleStatefulRequest(Object(Illuminate\\Http\\Request), Object(Illuminate\\Session\\Store), Object(Closure))
#31 C:\\xampp\\htdocs\\PABW\\TA4\\TemuMakanan\\vendor\\laravel\\framework\\src\\Illuminate\\Pipeline\\Pipeline.php(219): Illuminate\\Session\\Middleware\\StartSession->handle(Object(Illuminate\\Http\\Request), Object(Closure))
#32 C:\\xampp\\htdocs\\PABW\\TA4\\TemuMakanan\\vendor\\laravel\\framework\\src\\Illuminate\\Cookie\\Middleware\\AddQueuedCookiesToResponse.php(36): Illuminate\\Pipeline\\Pipeline->Illuminate\\Pipeline\\{closure}(Object(Illuminate\\Http\\Request))
#33 C:\\xampp\\htdocs\\PABW\\TA4\\TemuMakanan\\vendor\\laravel\\framework\\src\\Illuminate\\Pipeline\\Pipeline.php(219): Illuminate\\Cookie\\Middleware\\AddQueuedCookiesToResponse->handle(Object(Illuminate\\Http\\Request), Object(Closure))
#34 C:\\xampp\\htdocs\\PABW\\TA4\\TemuMakanan\\vendor\\laravel\\framework\\src\\Illuminate\\Cookie\\Middleware\\EncryptCookies.php(74): Illuminate\\Pipeline\\Pipeline->Illuminate\\Pipeline\\{closure}(Object(Illuminate\\Http\\Request))
#35 C:\\xampp\\htdocs\\PABW\\TA4\\TemuMakanan\\vendor\\laravel\\framework\\src\\Illuminate\\Pipeline\\Pipeline.php(219): Illuminate\\Cookie\\Middleware\\EncryptCookies->handle(Object(Illuminate\\Http\\Request), Object(Closure))
#36 C:\\xampp\\htdocs\\PABW\\TA4\\TemuMakanan\\vendor\\laravel\\framework\\src\\Illuminate\\Pipeline\\Pipeline.php(137): Illuminate\\Pipeline\\Pipeline->Illuminate\\Pipeline\\{closure}(Object(Illuminate\\Http\\Request))
#37 C:\\xampp\\htdocs\\PABW\\TA4\\TemuMakanan\\vendor\\laravel\\framework\\src\\Illuminate\\Routing\\Router.php(821): Illuminate\\Pipeline\\Pipeline->then(Object(Closure))
#38 C:\\xampp\\htdocs\\PABW\\TA4\\TemuMakanan\\vendor\\laravel\\framework\\src\\Illuminate\\Routing\\Router.php(800): Illuminate\\Routing\\Router->runRouteWithinStack(Object(Illuminate\\Routing\\Route), Object(Illuminate\\Http\\Request))
#39 C:\\xampp\\htdocs\\PABW\\TA4\\TemuMakanan\\vendor\\laravel\\framework\\src\\Illuminate\\Routing\\Router.php(764): Illuminate\\Routing\\Router->runRoute(Object(Illuminate\\Http\\Request), Object(Illuminate\\Routing\\Route))
#40 C:\\xampp\\htdocs\\PABW\\TA4\\TemuMakanan\\vendor\\laravel\\framework\\src\\Illuminate\\Routing\\Router.php(753): Illuminate\\Routing\\Router->dispatchToRoute(Object(Illuminate\\Http\\Request))
#41 C:\\xampp\\htdocs\\PABW\\TA4\\TemuMakanan\\vendor\\laravel\\framework\\src\\Illuminate\\Foundation\\Http\\Kernel.php(200): Illuminate\\Routing\\Router->dispatch(Object(Illuminate\\Http\\Request))
#42 C:\\xampp\\htdocs\\PABW\\TA4\\TemuMakanan\\vendor\\laravel\\framework\\src\\Illuminate\\Pipeline\\Pipeline.php(180): Illuminate\\Foundation\\Http\\Kernel->Illuminate\\Foundation\\Http\\{closure}(Object(Illuminate\\Http\\Request))
#43 C:\\xampp\\htdocs\\PABW\\TA4\\TemuMakanan\\vendor\\laravel\\framework\\src\\Illuminate\\Foundation\\Http\\Middleware\\TransformsRequest.php(21): Illuminate\\Pipeline\\Pipeline->Illuminate\\Pipeline\\{closure}(Object(Illuminate\\Http\\Request))
#44 C:\\xampp\\htdocs\\PABW\\TA4\\TemuMakanan\\vendor\\laravel\\framework\\src\\Illuminate\\Foundation\\Http\\Middleware\\ConvertEmptyStringsToNull.php(31): Illuminate\\Foundation\\Http\\Middleware\\TransformsRequest->handle(Object(Illuminate\\Http\\Request), Object(Closure))
#45 C:\\xampp\\htdocs\\PABW\\TA4\\TemuMakanan\\vendor\\laravel\\framework\\src\\Illuminate\\Pipeline\\Pipeline.php(219): Illuminate\\Foundation\\Http\\Middleware\\ConvertEmptyStringsToNull->handle(Object(Illuminate\\Http\\Request), Object(Closure))
#46 C:\\xampp\\htdocs\\PABW\\TA4\\TemuMakanan\\vendor\\laravel\\framework\\src\\Illuminate\\Foundation\\Http\\Middleware\\TransformsRequest.php(21): Illuminate\\Pipeline\\Pipeline->Illuminate\\Pipeline\\{closure}(Object(Illuminate\\Http\\Request))
#47 C:\\xampp\\htdocs\\PABW\\TA4\\TemuMakanan\\vendor\\laravel\\framework\\src\\Illuminate\\Foundation\\Http\\Middleware\\TrimStrings.php(51): Illuminate\\Foundation\\Http\\Middleware\\TransformsRequest->handle(Object(Illuminate\\Http\\Request), Object(Closure))
#48 C:\\xampp\\htdocs\\PABW\\TA4\\TemuMakanan\\vendor\\laravel\\framework\\src\\Illuminate\\Pipeline\\Pipeline.php(219): Illuminate\\Foundation\\Http\\Middleware\\TrimStrings->handle(Object(Illuminate\\Http\\Request), Object(Closure))
#49 C:\\xampp\\htdocs\\PABW\\TA4\\TemuMakanan\\vendor\\laravel\\framework\\src\\Illuminate\\Http\\Middleware\\ValidatePostSize.php(27): Illuminate\\Pipeline\\Pipeline->Illuminate\\Pipeline\\{closure}(Object(Illuminate\\Http\\Request))
#50 C:\\xampp\\htdocs\\PABW\\TA4\\TemuMakanan\\vendor\\laravel\\framework\\src\\Illuminate\\Pipeline\\Pipeline.php(219): Illuminate\\Http\\Middleware\\ValidatePostSize->handle(Object(Illuminate\\Http\\Request), Object(Closure))
#51 C:\\xampp\\htdocs\\PABW\\TA4\\TemuMakanan\\vendor\\laravel\\framework\\src\\Illuminate\\Foundation\\Http\\Middleware\\PreventRequestsDuringMaintenance.php(109): Illuminate\\Pipeline\\Pipeline->Illuminate\\Pipeline\\{closure}(Object(Illuminate\\Http\\Request))
#52 C:\\xampp\\htdocs\\PABW\\TA4\\TemuMakanan\\vendor\\laravel\\framework\\src\\Illuminate\\Pipeline\\Pipeline.php(219): Illuminate\\Foundation\\Http\\Middleware\\PreventRequestsDuringMaintenance->handle(Object(Illuminate\\Http\\Request), Object(Closure))
#53 C:\\xampp\\htdocs\\PABW\\TA4\\TemuMakanan\\vendor\\laravel\\framework\\src\\Illuminate\\Http\\Middleware\\HandleCors.php(48): Illuminate\\Pipeline\\Pipeline->Illuminate\\Pipeline\\{closure}(Object(Illuminate\\Http\\Request))
#54 C:\\xampp\\htdocs\\PABW\\TA4\\TemuMakanan\\vendor\\laravel\\framework\\src\\Illuminate\\Pipeline\\Pipeline.php(219): Illuminate\\Http\\Middleware\\HandleCors->handle(Object(Illuminate\\Http\\Request), Object(Closure))
#55 C:\\xampp\\htdocs\\PABW\\TA4\\TemuMakanan\\vendor\\laravel\\framework\\src\\Illuminate\\Http\\Middleware\\TrustProxies.php(58): Illuminate\\Pipeline\\Pipeline->Illuminate\\Pipeline\\{closure}(Object(Illuminate\\Http\\Request))
#56 C:\\xampp\\htdocs\\PABW\\TA4\\TemuMakanan\\vendor\\laravel\\framework\\src\\Illuminate\\Pipeline\\Pipeline.php(219): Illuminate\\Http\\Middleware\\TrustProxies->handle(Object(Illuminate\\Http\\Request), Object(Closure))
#57 C:\\xampp\\htdocs\\PABW\\TA4\\TemuMakanan\\vendor\\laravel\\framework\\src\\Illuminate\\Foundation\\Http\\Middleware\\InvokeDeferredCallbacks.php(22): Illuminate\\Pipeline\\Pipeline->Illuminate\\Pipeline\\{closure}(Object(Illuminate\\Http\\Request))
#58 C:\\xampp\\htdocs\\PABW\\TA4\\TemuMakanan\\vendor\\laravel\\framework\\src\\Illuminate\\Pipeline\\Pipeline.php(219): Illuminate\\Foundation\\Http\\Middleware\\InvokeDeferredCallbacks->handle(Object(Illuminate\\Http\\Request), Object(Closure))
#59 C:\\xampp\\htdocs\\PABW\\TA4\\TemuMakanan\\vendor\\laravel\\framework\\src\\Illuminate\\Http\\Middleware\\ValidatePathEncoding.php(26): Illuminate\\Pipeline\\Pipeline->Illuminate\\Pipeline\\{closure}(Object(Illuminate\\Http\\Request))
#60 C:\\xampp\\htdocs\\PABW\\TA4\\TemuMakanan\\vendor\\laravel\\framework\\src\\Illuminate\\Pipeline\\Pipeline.php(219): Illuminate\\Http\\Middleware\\ValidatePathEncoding->handle(Object(Illuminate\\Http\\Request), Object(Closure))
#61 C:\\xampp\\htdocs\\PABW\\TA4\\TemuMakanan\\vendor\\laravel\\framework\\src\\Illuminate\\Pipeline\\Pipeline.php(137): Illuminate\\Pipeline\\Pipeline->Illuminate\\Pipeline\\{closure}(Object(Illuminate\\Http\\Request))
#62 C:\\xampp\\htdocs\\PABW\\TA4\\TemuMakanan\\vendor\\laravel\\framework\\src\\Illuminate\\Foundation\\Http\\Kernel.php(175): Illuminate\\Pipeline\\Pipeline->then(Object(Closure))
#63 C:\\xampp\\htdocs\\PABW\\TA4\\TemuMakanan\\vendor\\laravel\\framework\\src\\Illuminate\\Foundation\\Http\\Kernel.php(144): Illuminate\\Foundation\\Http\\Kernel->sendRequestThroughRouter(Object(Illuminate\\Http\\Request))
#64 C:\\xampp\\htdocs\\PABW\\TA4\\TemuMakanan\\vendor\\laravel\\framework\\src\\Illuminate\\Foundation\\Application.php(1220): Illuminate\\Foundation\\Http\\Kernel->handle(Object(Illuminate\\Http\\Request))
#65 C:\\xampp\\htdocs\\PABW\\TA4\\TemuMakanan\\public\\index.php(20): Illuminate\\Foundation\\Application->handleRequest(Object(Illuminate\\Http\\Request))
#66 C:\\xampp\\htdocs\\PABW\\TA4\\TemuMakanan\\vendor\\laravel\\framework\\src\\Illuminate\\Foundation\\resources\\server.php(23): require_once('C:\\\\xampp\\\\htdocs...')
#67 {main}
"} 
[2025-10-14 19:26:35] local.ERROR: Command "make:RestaurantController.php" is not defined.

Did you mean one of these?
    make:cache-table
    make:cast
    make:channel
    make:class
    make:command
    make:component
    make:config
    make:controller
    make:enum
    make:event
    make:exception
    make:factory
    make:interface
    make:job
    make:job-middleware
    make:listener
    make:mail
    make:middleware
    make:migration
    make:model
    make:notification
    make:notifications-table
    make:observer
    make:policy
    make:provider
    make:queue-batches-table
    make:queue-failed-table
    make:queue-table
    make:request
    make:resource
    make:rule
    make:scope
    make:seeder
    make:session-table
    make:test
    make:trait
    make:view {"exception":"[object] (Symfony\\Component\\Console\\Exception\\CommandNotFoundException(code: 0): Command \"make:RestaurantController.php\" is not defined.

Did you mean one of these?
    make:cache-table
    make:cast
    make:channel
    make:class
    make:command
    make:component
    make:config
    make:controller
    make:enum
    make:event
    make:exception
    make:factory
    make:interface
    make:job
    make:job-middleware
    make:listener
    make:mail
    make:middleware
    make:migration
    make:model
    make:notification
    make:notifications-table
    make:observer
    make:policy
    make:provider
    make:queue-batches-table
    make:queue-failed-table
    make:queue-table
    make:request
    make:resource
    make:rule
    make:scope
    make:seeder
    make:session-table
    make:test
    make:trait
    make:view at C:\\xampp\\htdocs\\PABW\\TA4\\TemuMakanan\\vendor\\symfony\\console\\Application.php:743)
[stacktrace]
#0 C:\\xampp\\htdocs\\PABW\\TA4\\TemuMakanan\\vendor\\symfony\\console\\Application.php(301): Symfony\\Component\\Console\\Application->find('make:Restaurant...')
#1 C:\\xampp\\htdocs\\PABW\\TA4\\TemuMakanan\\vendor\\symfony\\console\\Application.php(194): Symfony\\Component\\Console\\Application->doRun(Object(Symfony\\Component\\Console\\Input\\ArgvInput), Object(Symfony\\Component\\Console\\Output\\ConsoleOutput))
#2 C:\\xampp\\htdocs\\PABW\\TA4\\TemuMakanan\\vendor\\laravel\\framework\\src\\Illuminate\\Foundation\\Console\\Kernel.php(197): Symfony\\Component\\Console\\Application->run(Object(Symfony\\Component\\Console\\Input\\ArgvInput), Object(Symfony\\Component\\Console\\Output\\ConsoleOutput))
#3 C:\\xampp\\htdocs\\PABW\\TA4\\TemuMakanan\\vendor\\laravel\\framework\\src\\Illuminate\\Foundation\\Application.php(1235): Illuminate\\Foundation\\Console\\Kernel->handle(Object(Symfony\\Component\\Console\\Input\\ArgvInput), Object(Symfony\\Component\\Console\\Output\\ConsoleOutput))
#4 C:\\xampp\\htdocs\\PABW\\TA4\\TemuMakanan\\artisan(16): Illuminate\\Foundation\\Application->handleCommand(Object(Symfony\\Component\\Console\\Input\\ArgvInput))
#5 {main}
"} 
[2025-10-14 19:26:59] local.ERROR: Command "make:RestaurantController.php" is not defined.

Did you mean one of these?
    make:cache-table
    make:cast
    make:channel
    make:class
    make:command
    make:component
    make:config
    make:controller
    make:enum
    make:event
    make:exception
    make:factory
    make:interface
    make:job
    make:job-middleware
    make:listener
    make:mail
    make:middleware
    make:migration
    make:model
    make:notification
    make:notifications-table
    make:observer
    make:policy
    make:provider
    make:queue-batches-table
    make:queue-failed-table
    make:queue-table
    make:request
    make:resource
    make:rule
    make:scope
    make:seeder
    make:session-table
    make:test
    make:trait
    make:view {"exception":"[object] (Symfony\\Component\\Console\\Exception\\CommandNotFoundException(code: 0): Command \"make:RestaurantController.php\" is not defined.

Did you mean one of these?
    make:cache-table
    make:cast
    make:channel
    make:class
    make:command
    make:component
    make:config
    make:controller
    make:enum
    make:event
    make:exception
    make:factory
    make:interface
    make:job
    make:job-middleware
    make:listener
    make:mail
    make:middleware
    make:migration
    make:model
    make:notification
    make:notifications-table
    make:observer
    make:policy
    make:provider
    make:queue-batches-table
    make:queue-failed-table
    make:queue-table
    make:request
    make:resource
    make:rule
    make:scope
    make:seeder
    make:session-table
    make:test
    make:trait
    make:view at C:\\xampp\\htdocs\\PABW\\TA4\\TemuMakanan\\vendor\\symfony\\console\\Application.php:743)
[stacktrace]
#0 C:\\xampp\\htdocs\\PABW\\TA4\\TemuMakanan\\vendor\\symfony\\console\\Application.php(301): Symfony\\Component\\Console\\Application->find('make:Restaurant...')
#1 C:\\xampp\\htdocs\\PABW\\TA4\\TemuMakanan\\vendor\\symfony\\console\\Application.php(194): Symfony\\Component\\Console\\Application->doRun(Object(Symfony\\Component\\Console\\Input\\ArgvInput), Object(Symfony\\Component\\Console\\Output\\ConsoleOutput))
#2 C:\\xampp\\htdocs\\PABW\\TA4\\TemuMakanan\\vendor\\laravel\\framework\\src\\Illuminate\\Foundation\\Console\\Kernel.php(197): Symfony\\Component\\Console\\Application->run(Object(Symfony\\Component\\Console\\Input\\ArgvInput), Object(Symfony\\Component\\Console\\Output\\ConsoleOutput))
#3 C:\\xampp\\htdocs\\PABW\\TA4\\TemuMakanan\\vendor\\laravel\\framework\\src\\Illuminate\\Foundation\\Application.php(1235): Illuminate\\Foundation\\Console\\Kernel->handle(Object(Symfony\\Component\\Console\\Input\\ArgvInput), Object(Symfony\\Component\\Console\\Output\\ConsoleOutput))
#4 C:\\xampp\\htdocs\\PABW\\TA4\\TemuMakanan\\artisan(16): Illuminate\\Foundation\\Application->handleCommand(Object(Symfony\\Component\\Console\\Input\\ArgvInput))
#5 {main}
"} 
[2025-10-14 19:28:13] local.ERROR: Target class [App\Http\Controllers\BookingController] does not exist. {"exception":"[object] (Illuminate\\Contracts\\Container\\BindingResolutionException(code: 0): Target class [App\\Http\\Controllers\\BookingController] does not exist. at C:\\xampp\\htdocs\\PABW\\TA4\\TemuMakanan\\vendor\\laravel\\framework\\src\\Illuminate\\Container\\Container.php:1163)
[stacktrace]
#0 C:\\xampp\\htdocs\\PABW\\TA4\\TemuMakanan\\vendor\\laravel\\framework\\src\\Illuminate\\Container\\Container.php(972): Illuminate\\Container\\Container->build('App\\\\Http\\\\Contro...')
#1 C:\\xampp\\htdocs\\PABW\\TA4\\TemuMakanan\\vendor\\laravel\\framework\\src\\Illuminate\\Foundation\\Application.php(1078): Illuminate\\Container\\Container->resolve('App\\\\Http\\\\Contro...', Array, true)
#2 C:\\xampp\\htdocs\\PABW\\TA4\\TemuMakanan\\vendor\\laravel\\framework\\src\\Illuminate\\Container\\Container.php(903): Illuminate\\Foundation\\Application->resolve('App\\\\Http\\\\Contro...', Array)
#3 C:\\xampp\\htdocs\\PABW\\TA4\\TemuMakanan\\vendor\\laravel\\framework\\src\\Illuminate\\Foundation\\Application.php(1058): Illuminate\\Container\\Container->make('App\\\\Http\\\\Contro...', Array)
#4 C:\\xampp\\htdocs\\PABW\\TA4\\TemuMakanan\\vendor\\laravel\\framework\\src\\Illuminate\\Routing\\Route.php(286): Illuminate\\Foundation\\Application->make('App\\\\Http\\\\Contro...')
#5 C:\\xampp\\htdocs\\PABW\\TA4\\TemuMakanan\\vendor\\laravel\\framework\\src\\Illuminate\\Routing\\Route.php(266): Illuminate\\Routing\\Route->getController()
#6 C:\\xampp\\htdocs\\PABW\\TA4\\TemuMakanan\\vendor\\laravel\\framework\\src\\Illuminate\\Routing\\Route.php(211): Illuminate\\Routing\\Route->runController()
#7 C:\\xampp\\htdocs\\PABW\\TA4\\TemuMakanan\\vendor\\laravel\\framework\\src\\Illuminate\\Routing\\Router.php(822): Illuminate\\Routing\\Route->run()
#8 C:\\xampp\\htdocs\\PABW\\TA4\\TemuMakanan\\vendor\\laravel\\framework\\src\\Illuminate\\Pipeline\\Pipeline.php(180): Illuminate\\Routing\\Router->Illuminate\\Routing\\{closure}(Object(Illuminate\\Http\\Request))
#9 C:\\xampp\\htdocs\\PABW\\TA4\\TemuMakanan\\vendor\\laravel\\framework\\src\\Illuminate\\Routing\\Middleware\\SubstituteBindings.php(50): Illuminate\\Pipeline\\Pipeline->Illuminate\\Pipeline\\{closure}(Object(Illuminate\\Http\\Request))
#10 C:\\xampp\\htdocs\\PABW\\TA4\\TemuMakanan\\vendor\\laravel\\framework\\src\\Illuminate\\Pipeline\\Pipeline.php(219): Illuminate\\Routing\\Middleware\\SubstituteBindings->handle(Object(Illuminate\\Http\\Request), Object(Closure))
#11 C:\\xampp\\htdocs\\PABW\\TA4\\TemuMakanan\\vendor\\laravel\\framework\\src\\Illuminate\\Foundation\\Http\\Middleware\\VerifyCsrfToken.php(87): Illuminate\\Pipeline\\Pipeline->Illuminate\\Pipeline\\{closure}(Object(Illuminate\\Http\\Request))
#12 C:\\xampp\\htdocs\\PABW\\TA4\\TemuMakanan\\vendor\\laravel\\framework\\src\\Illuminate\\Pipeline\\Pipeline.php(219): Illuminate\\Foundation\\Http\\Middleware\\VerifyCsrfToken->handle(Object(Illuminate\\Http\\Request), Object(Closure))
#13 C:\\xampp\\htdocs\\PABW\\TA4\\TemuMakanan\\vendor\\laravel\\framework\\src\\Illuminate\\View\\Middleware\\ShareErrorsFromSession.php(48): Illuminate\\Pipeline\\Pipeline->Illuminate\\Pipeline\\{closure}(Object(Illuminate\\Http\\Request))
#14 C:\\xampp\\htdocs\\PABW\\TA4\\TemuMakanan\\vendor\\laravel\\framework\\src\\Illuminate\\Pipeline\\Pipeline.php(219): Illuminate\\View\\Middleware\\ShareErrorsFromSession->handle(Object(Illuminate\\Http\\Request), Object(Closure))
#15 C:\\xampp\\htdocs\\PABW\\TA4\\TemuMakanan\\vendor\\laravel\\framework\\src\\Illuminate\\Session\\Middleware\\StartSession.php(120): Illuminate\\Pipeline\\Pipeline->Illuminate\\Pipeline\\{closure}(Object(Illuminate\\Http\\Request))
#16 C:\\xampp\\htdocs\\PABW\\TA4\\TemuMakanan\\vendor\\laravel\\framework\\src\\Illuminate\\Session\\Middleware\\StartSession.php(63): Illuminate\\Session\\Middleware\\StartSession->handleStatefulRequest(Object(Illuminate\\Http\\Request), Object(Illuminate\\Session\\Store), Object(Closure))
#17 C:\\xampp\\htdocs\\PABW\\TA4\\TemuMakanan\\vendor\\laravel\\framework\\src\\Illuminate\\Pipeline\\Pipeline.php(219): Illuminate\\Session\\Middleware\\StartSession->handle(Object(Illuminate\\Http\\Request), Object(Closure))
#18 C:\\xampp\\htdocs\\PABW\\TA4\\TemuMakanan\\vendor\\laravel\\framework\\src\\Illuminate\\Cookie\\Middleware\\AddQueuedCookiesToResponse.php(36): Illuminate\\Pipeline\\Pipeline->Illuminate\\Pipeline\\{closure}(Object(Illuminate\\Http\\Request))
#19 C:\\xampp\\htdocs\\PABW\\TA4\\TemuMakanan\\vendor\\laravel\\framework\\src\\Illuminate\\Pipeline\\Pipeline.php(219): Illuminate\\Cookie\\Middleware\\AddQueuedCookiesToResponse->handle(Object(Illuminate\\Http\\Request), Object(Closure))
#20 C:\\xampp\\htdocs\\PABW\\TA4\\TemuMakanan\\vendor\\laravel\\framework\\src\\Illuminate\\Cookie\\Middleware\\EncryptCookies.php(74): Illuminate\\Pipeline\\Pipeline->Illuminate\\Pipeline\\{closure}(Object(Illuminate\\Http\\Request))
#21 C:\\xampp\\htdocs\\PABW\\TA4\\TemuMakanan\\vendor\\laravel\\framework\\src\\Illuminate\\Pipeline\\Pipeline.php(219): Illuminate\\Cookie\\Middleware\\EncryptCookies->handle(Object(Illuminate\\Http\\Request), Object(Closure))
#22 C:\\xampp\\htdocs\\PABW\\TA4\\TemuMakanan\\vendor\\laravel\\framework\\src\\Illuminate\\Pipeline\\Pipeline.php(137): Illuminate\\Pipeline\\Pipeline->Illuminate\\Pipeline\\{closure}(Object(Illuminate\\Http\\Request))
#23 C:\\xampp\\htdocs\\PABW\\TA4\\TemuMakanan\\vendor\\laravel\\framework\\src\\Illuminate\\Routing\\Router.php(821): Illuminate\\Pipeline\\Pipeline->then(Object(Closure))
#24 C:\\xampp\\htdocs\\PABW\\TA4\\TemuMakanan\\vendor\\laravel\\framework\\src\\Illuminate\\Routing\\Router.php(800): Illuminate\\Routing\\Router->runRouteWithinStack(Object(Illuminate\\Routing\\Route), Object(Illuminate\\Http\\Request))
#25 C:\\xampp\\htdocs\\PABW\\TA4\\TemuMakanan\\vendor\\laravel\\framework\\src\\Illuminate\\Routing\\Router.php(764): Illuminate\\Routing\\Router->runRoute(Object(Illuminate\\Http\\Request), Object(Illuminate\\Routing\\Route))
#26 C:\\xampp\\htdocs\\PABW\\TA4\\TemuMakanan\\vendor\\laravel\\framework\\src\\Illuminate\\Routing\\Router.php(753): Illuminate\\Routing\\Router->dispatchToRoute(Object(Illuminate\\Http\\Request))
#27 C:\\xampp\\htdocs\\PABW\\TA4\\TemuMakanan\\vendor\\laravel\\framework\\src\\Illuminate\\Foundation\\Http\\Kernel.php(200): Illuminate\\Routing\\Router->dispatch(Object(Illuminate\\Http\\Request))
#28 C:\\xampp\\htdocs\\PABW\\TA4\\TemuMakanan\\vendor\\laravel\\framework\\src\\Illuminate\\Pipeline\\Pipeline.php(180): Illuminate\\Foundation\\Http\\Kernel->Illuminate\\Foundation\\Http\\{closure}(Object(Illuminate\\Http\\Request))
#29 C:\\xampp\\htdocs\\PABW\\TA4\\TemuMakanan\\vendor\\laravel\\framework\\src\\Illuminate\\Foundation\\Http\\Middleware\\TransformsRequest.php(21): Illuminate\\Pipeline\\Pipeline->Illuminate\\Pipeline\\{closure}(Object(Illuminate\\Http\\Request))
#30 C:\\xampp\\htdocs\\PABW\\TA4\\TemuMakanan\\vendor\\laravel\\framework\\src\\Illuminate\\Foundation\\Http\\Middleware\\ConvertEmptyStringsToNull.php(31): Illuminate\\Foundation\\Http\\Middleware\\TransformsRequest->handle(Object(Illuminate\\Http\\Request), Object(Closure))
#31 C:\\xampp\\htdocs\\PABW\\TA4\\TemuMakanan\\vendor\\laravel\\framework\\src\\Illuminate\\Pipeline\\Pipeline.php(219): Illuminate\\Foundation\\Http\\Middleware\\ConvertEmptyStringsToNull->handle(Object(Illuminate\\Http\\Request), Object(Closure))
#32 C:\\xampp\\htdocs\\PABW\\TA4\\TemuMakanan\\vendor\\laravel\\framework\\src\\Illuminate\\Foundation\\Http\\Middleware\\TransformsRequest.php(21): Illuminate\\Pipeline\\Pipeline->Illuminate\\Pipeline\\{closure}(Object(Illuminate\\Http\\Request))
#33 C:\\xampp\\htdocs\\PABW\\TA4\\TemuMakanan\\vendor\\laravel\\framework\\src\\Illuminate\\Foundation\\Http\\Middleware\\TrimStrings.php(51): Illuminate\\Foundation\\Http\\Middleware\\TransformsRequest->handle(Object(Illuminate\\Http\\Request), Object(Closure))
#34 C:\\xampp\\htdocs\\PABW\\TA4\\TemuMakanan\\vendor\\laravel\\framework\\src\\Illuminate\\Pipeline\\Pipeline.php(219): Illuminate\\Foundation\\Http\\Middleware\\TrimStrings->handle(Object(Illuminate\\Http\\Request), Object(Closure))
#35 C:\\xampp\\htdocs\\PABW\\TA4\\TemuMakanan\\vendor\\laravel\\framework\\src\\Illuminate\\Http\\Middleware\\ValidatePostSize.php(27): Illuminate\\Pipeline\\Pipeline->Illuminate\\Pipeline\\{closure}(Object(Illuminate\\Http\\Request))
#36 C:\\xampp\\htdocs\\PABW\\TA4\\TemuMakanan\\vendor\\laravel\\framework\\src\\Illuminate\\Pipeline\\Pipeline.php(219): Illuminate\\Http\\Middleware\\ValidatePostSize->handle(Object(Illuminate\\Http\\Request), Object(Closure))
#37 C:\\xampp\\htdocs\\PABW\\TA4\\TemuMakanan\\vendor\\laravel\\framework\\src\\Illuminate\\Foundation\\Http\\Middleware\\PreventRequestsDuringMaintenance.php(109): Illuminate\\Pipeline\\Pipeline->Illuminate\\Pipeline\\{closure}(Object(Illuminate\\Http\\Request))
#38 C:\\xampp\\htdocs\\PABW\\TA4\\TemuMakanan\\vendor\\laravel\\framework\\src\\Illuminate\\Pipeline\\Pipeline.php(219): Illuminate\\Foundation\\Http\\Middleware\\PreventRequestsDuringMaintenance->handle(Object(Illuminate\\Http\\Request), Object(Closure))
#39 C:\\xampp\\htdocs\\PABW\\TA4\\TemuMakanan\\vendor\\laravel\\framework\\src\\Illuminate\\Http\\Middleware\\HandleCors.php(48): Illuminate\\Pipeline\\Pipeline->Illuminate\\Pipeline\\{closure}(Object(Illuminate\\Http\\Request))
#40 C:\\xampp\\htdocs\\PABW\\TA4\\TemuMakanan\\vendor\\laravel\\framework\\src\\Illuminate\\Pipeline\\Pipeline.php(219): Illuminate\\Http\\Middleware\\HandleCors->handle(Object(Illuminate\\Http\\Request), Object(Closure))
#41 C:\\xampp\\htdocs\\PABW\\TA4\\TemuMakanan\\vendor\\laravel\\framework\\src\\Illuminate\\Http\\Middleware\\TrustProxies.php(58): Illuminate\\Pipeline\\Pipeline->Illuminate\\Pipeline\\{closure}(Object(Illuminate\\Http\\Request))
#42 C:\\xampp\\htdocs\\PABW\\TA4\\TemuMakanan\\vendor\\laravel\\framework\\src\\Illuminate\\Pipeline\\Pipeline.php(219): Illuminate\\Http\\Middleware\\TrustProxies->handle(Object(Illuminate\\Http\\Request), Object(Closure))
#43 C:\\xampp\\htdocs\\PABW\\TA4\\TemuMakanan\\vendor\\laravel\\framework\\src\\Illuminate\\Foundation\\Http\\Middleware\\InvokeDeferredCallbacks.php(22): Illuminate\\Pipeline\\Pipeline->Illuminate\\Pipeline\\{closure}(Object(Illuminate\\Http\\Request))
#44 C:\\xampp\\htdocs\\PABW\\TA4\\TemuMakanan\\vendor\\laravel\\framework\\src\\Illuminate\\Pipeline\\Pipeline.php(219): Illuminate\\Foundation\\Http\\Middleware\\InvokeDeferredCallbacks->handle(Object(Illuminate\\Http\\Request), Object(Closure))
#45 C:\\xampp\\htdocs\\PABW\\TA4\\TemuMakanan\\vendor\\laravel\\framework\\src\\Illuminate\\Http\\Middleware\\ValidatePathEncoding.php(26): Illuminate\\Pipeline\\Pipeline->Illuminate\\Pipeline\\{closure}(Object(Illuminate\\Http\\Request))
#46 C:\\xampp\\htdocs\\PABW\\TA4\\TemuMakanan\\vendor\\laravel\\framework\\src\\Illuminate\\Pipeline\\Pipeline.php(219): Illuminate\\Http\\Middleware\\ValidatePathEncoding->handle(Object(Illuminate\\Http\\Request), Object(Closure))
#47 C:\\xampp\\htdocs\\PABW\\TA4\\TemuMakanan\\vendor\\laravel\\framework\\src\\Illuminate\\Pipeline\\Pipeline.php(137): Illuminate\\Pipeline\\Pipeline->Illuminate\\Pipeline\\{closure}(Object(Illuminate\\Http\\Request))
#48 C:\\xampp\\htdocs\\PABW\\TA4\\TemuMakanan\\vendor\\laravel\\framework\\src\\Illuminate\\Foundation\\Http\\Kernel.php(175): Illuminate\\Pipeline\\Pipeline->then(Object(Closure))
#49 C:\\xampp\\htdocs\\PABW\\TA4\\TemuMakanan\\vendor\\laravel\\framework\\src\\Illuminate\\Foundation\\Http\\Kernel.php(144): Illuminate\\Foundation\\Http\\Kernel->sendRequestThroughRouter(Object(Illuminate\\Http\\Request))
#50 C:\\xampp\\htdocs\\PABW\\TA4\\TemuMakanan\\vendor\\laravel\\framework\\src\\Illuminate\\Foundation\\Application.php(1220): Illuminate\\Foundation\\Http\\Kernel->handle(Object(Illuminate\\Http\\Request))
#51 C:\\xampp\\htdocs\\PABW\\TA4\\TemuMakanan\\public\\index.php(20): Illuminate\\Foundation\\Application->handleRequest(Object(Illuminate\\Http\\Request))
#52 C:\\xampp\\htdocs\\PABW\\TA4\\TemuMakanan\\vendor\\laravel\\framework\\src\\Illuminate\\Foundation\\resources\\server.php(23): require_once('C:\\\\xampp\\\\htdocs...')
#53 {main}

[previous exception] [object] (ReflectionException(code: -1): Class \"App\\Http\\Controllers\\BookingController\" does not exist at C:\\xampp\\htdocs\\PABW\\TA4\\TemuMakanan\\vendor\\laravel\\framework\\src\\Illuminate\\Container\\Container.php:1161)
[stacktrace]
#0 C:\\xampp\\htdocs\\PABW\\TA4\\TemuMakanan\\vendor\\laravel\\framework\\src\\Illuminate\\Container\\Container.php(1161): ReflectionClass->__construct('App\\\\Http\\\\Contro...')
#1 C:\\xampp\\htdocs\\PABW\\TA4\\TemuMakanan\\vendor\\laravel\\framework\\src\\Illuminate\\Container\\Container.php(972): Illuminate\\Container\\Container->build('App\\\\Http\\\\Contro...')
#2 C:\\xampp\\htdocs\\PABW\\TA4\\TemuMakanan\\vendor\\laravel\\framework\\src\\Illuminate\\Foundation\\Application.php(1078): Illuminate\\Container\\Container->resolve('App\\\\Http\\\\Contro...', Array, true)
#3 C:\\xampp\\htdocs\\PABW\\TA4\\TemuMakanan\\vendor\\laravel\\framework\\src\\Illuminate\\Container\\Container.php(903): Illuminate\\Foundation\\Application->resolve('App\\\\Http\\\\Contro...', Array)
#4 C:\\xampp\\htdocs\\PABW\\TA4\\TemuMakanan\\vendor\\laravel\\framework\\src\\Illuminate\\Foundation\\Application.php(1058): Illuminate\\Container\\Container->make('App\\\\Http\\\\Contro...', Array)
#5 C:\\xampp\\htdocs\\PABW\\TA4\\TemuMakanan\\vendor\\laravel\\framework\\src\\Illuminate\\Routing\\Route.php(286): Illuminate\\Foundation\\Application->make('App\\\\Http\\\\Contro...')
#6 C:\\xampp\\htdocs\\PABW\\TA4\\TemuMakanan\\vendor\\laravel\\framework\\src\\Illuminate\\Routing\\Route.php(266): Illuminate\\Routing\\Route->getController()
#7 C:\\xampp\\htdocs\\PABW\\TA4\\TemuMakanan\\vendor\\laravel\\framework\\src\\Illuminate\\Routing\\Route.php(211): Illuminate\\Routing\\Route->runController()
#8 C:\\xampp\\htdocs\\PABW\\TA4\\TemuMakanan\\vendor\\laravel\\framework\\src\\Illuminate\\Routing\\Router.php(822): Illuminate\\Routing\\Route->run()
#9 C:\\xampp\\htdocs\\PABW\\TA4\\TemuMakanan\\vendor\\laravel\\framework\\src\\Illuminate\\Pipeline\\Pipeline.php(180): Illuminate\\Routing\\Router->Illuminate\\Routing\\{closure}(Object(Illuminate\\Http\\Request))
#10 C:\\xampp\\htdocs\\PABW\\TA4\\TemuMakanan\\vendor\\laravel\\framework\\src\\Illuminate\\Routing\\Middleware\\SubstituteBindings.php(50): Illuminate\\Pipeline\\Pipeline->Illuminate\\Pipeline\\{closure}(Object(Illuminate\\Http\\Request))
#11 C:\\xampp\\htdocs\\PABW\\TA4\\TemuMakanan\\vendor\\laravel\\framework\\src\\Illuminate\\Pipeline\\Pipeline.php(219): Illuminate\\Routing\\Middleware\\SubstituteBindings->handle(Object(Illuminate\\Http\\Request), Object(Closure))
#12 C:\\xampp\\htdocs\\PABW\\TA4\\TemuMakanan\\vendor\\laravel\\framework\\src\\Illuminate\\Foundation\\Http\\Middleware\\VerifyCsrfToken.php(87): Illuminate\\Pipeline\\Pipeline->Illuminate\\Pipeline\\{closure}(Object(Illuminate\\Http\\Request))
#13 C:\\xampp\\htdocs\\PABW\\TA4\\TemuMakanan\\vendor\\laravel\\framework\\src\\Illuminate\\Pipeline\\Pipeline.php(219): Illuminate\\Foundation\\Http\\Middleware\\VerifyCsrfToken->handle(Object(Illuminate\\Http\\Request), Object(Closure))
#14 C:\\xampp\\htdocs\\PABW\\TA4\\TemuMakanan\\vendor\\laravel\\framework\\src\\Illuminate\\View\\Middleware\\ShareErrorsFromSession.php(48): Illuminate\\Pipeline\\Pipeline->Illuminate\\Pipeline\\{closure}(Object(Illuminate\\Http\\Request))
#15 C:\\xampp\\htdocs\\PABW\\TA4\\TemuMakanan\\vendor\\laravel\\framework\\src\\Illuminate\\Pipeline\\Pipeline.php(219): Illuminate\\View\\Middleware\\ShareErrorsFromSession->handle(Object(Illuminate\\Http\\Request), Object(Closure))
#16 C:\\xampp\\htdocs\\PABW\\TA4\\TemuMakanan\\vendor\\laravel\\framework\\src\\Illuminate\\Session\\Middleware\\StartSession.php(120): Illuminate\\Pipeline\\Pipeline->Illuminate\\Pipeline\\{closure}(Object(Illuminate\\Http\\Request))
#17 C:\\xampp\\htdocs\\PABW\\TA4\\TemuMakanan\\vendor\\laravel\\framework\\src\\Illuminate\\Session\\Middleware\\StartSession.php(63): Illuminate\\Session\\Middleware\\StartSession->handleStatefulRequest(Object(Illuminate\\Http\\Request), Object(Illuminate\\Session\\Store), Object(Closure))
#18 C:\\xampp\\htdocs\\PABW\\TA4\\TemuMakanan\\vendor\\laravel\\framework\\src\\Illuminate\\Pipeline\\Pipeline.php(219): Illuminate\\Session\\Middleware\\StartSession->handle(Object(Illuminate\\Http\\Request), Object(Closure))
#19 C:\\xampp\\htdocs\\PABW\\TA4\\TemuMakanan\\vendor\\laravel\\framework\\src\\Illuminate\\Cookie\\Middleware\\AddQueuedCookiesToResponse.php(36): Illuminate\\Pipeline\\Pipeline->Illuminate\\Pipeline\\{closure}(Object(Illuminate\\Http\\Request))
#20 C:\\xampp\\htdocs\\PABW\\TA4\\TemuMakanan\\vendor\\laravel\\framework\\src\\Illuminate\\Pipeline\\Pipeline.php(219): Illuminate\\Cookie\\Middleware\\AddQueuedCookiesToResponse->handle(Object(Illuminate\\Http\\Request), Object(Closure))
#21 C:\\xampp\\htdocs\\PABW\\TA4\\TemuMakanan\\vendor\\laravel\\framework\\src\\Illuminate\\Cookie\\Middleware\\EncryptCookies.php(74): Illuminate\\Pipeline\\Pipeline->Illuminate\\Pipeline\\{closure}(Object(Illuminate\\Http\\Request))
#22 C:\\xampp\\htdocs\\PABW\\TA4\\TemuMakanan\\vendor\\laravel\\framework\\src\\Illuminate\\Pipeline\\Pipeline.php(219): Illuminate\\Cookie\\Middleware\\EncryptCookies->handle(Object(Illuminate\\Http\\Request), Object(Closure))
#23 C:\\xampp\\htdocs\\PABW\\TA4\\TemuMakanan\\vendor\\laravel\\framework\\src\\Illuminate\\Pipeline\\Pipeline.php(137): Illuminate\\Pipeline\\Pipeline->Illuminate\\Pipeline\\{closure}(Object(Illuminate\\Http\\Request))
#24 C:\\xampp\\htdocs\\PABW\\TA4\\TemuMakanan\\vendor\\laravel\\framework\\src\\Illuminate\\Routing\\Router.php(821): Illuminate\\Pipeline\\Pipeline->then(Object(Closure))
#25 C:\\xampp\\htdocs\\PABW\\TA4\\TemuMakanan\\vendor\\laravel\\framework\\src\\Illuminate\\Routing\\Router.php(800): Illuminate\\Routing\\Router->runRouteWithinStack(Object(Illuminate\\Routing\\Route), Object(Illuminate\\Http\\Request))
#26 C:\\xampp\\htdocs\\PABW\\TA4\\TemuMakanan\\vendor\\laravel\\framework\\src\\Illuminate\\Routing\\Router.php(764): Illuminate\\Routing\\Router->runRoute(Object(Illuminate\\Http\\Request), Object(Illuminate\\Routing\\Route))
#27 C:\\xampp\\htdocs\\PABW\\TA4\\TemuMakanan\\vendor\\laravel\\framework\\src\\Illuminate\\Routing\\Router.php(753): Illuminate\\Routing\\Router->dispatchToRoute(Object(Illuminate\\Http\\Request))
#28 C:\\xampp\\htdocs\\PABW\\TA4\\TemuMakanan\\vendor\\laravel\\framework\\src\\Illuminate\\Foundation\\Http\\Kernel.php(200): Illuminate\\Routing\\Router->dispatch(Object(Illuminate\\Http\\Request))
#29 C:\\xampp\\htdocs\\PABW\\TA4\\TemuMakanan\\vendor\\laravel\\framework\\src\\Illuminate\\Pipeline\\Pipeline.php(180): Illuminate\\Foundation\\Http\\Kernel->Illuminate\\Foundation\\Http\\{closure}(Object(Illuminate\\Http\\Request))
#30 C:\\xampp\\htdocs\\PABW\\TA4\\TemuMakanan\\vendor\\laravel\\framework\\src\\Illuminate\\Foundation\\Http\\Middleware\\TransformsRequest.php(21): Illuminate\\Pipeline\\Pipeline->Illuminate\\Pipeline\\{closure}(Object(Illuminate\\Http\\Request))
#31 C:\\xampp\\htdocs\\PABW\\TA4\\TemuMakanan\\vendor\\laravel\\framework\\src\\Illuminate\\Foundation\\Http\\Middleware\\ConvertEmptyStringsToNull.php(31): Illuminate\\Foundation\\Http\\Middleware\\TransformsRequest->handle(Object(Illuminate\\Http\\Request), Object(Closure))
#32 C:\\xampp\\htdocs\\PABW\\TA4\\TemuMakanan\\vendor\\laravel\\framework\\src\\Illuminate\\Pipeline\\Pipeline.php(219): Illuminate\\Foundation\\Http\\Middleware\\ConvertEmptyStringsToNull->handle(Object(Illuminate\\Http\\Request), Object(Closure))
#33 C:\\xampp\\htdocs\\PABW\\TA4\\TemuMakanan\\vendor\\laravel\\framework\\src\\Illuminate\\Foundation\\Http\\Middleware\\TransformsRequest.php(21): Illuminate\\Pipeline\\Pipeline->Illuminate\\Pipeline\\{closure}(Object(Illuminate\\Http\\Request))
#34 C:\\xampp\\htdocs\\PABW\\TA4\\TemuMakanan\\vendor\\laravel\\framework\\src\\Illuminate\\Foundation\\Http\\Middleware\\TrimStrings.php(51): Illuminate\\Foundation\\Http\\Middleware\\TransformsRequest->handle(Object(Illuminate\\Http\\Request), Object(Closure))
#35 C:\\xampp\\htdocs\\PABW\\TA4\\TemuMakanan\\vendor\\laravel\\framework\\src\\Illuminate\\Pipeline\\Pipeline.php(219): Illuminate\\Foundation\\Http\\Middleware\\TrimStrings->handle(Object(Illuminate\\Http\\Request), Object(Closure))
#36 C:\\xampp\\htdocs\\PABW\\TA4\\TemuMakanan\\vendor\\laravel\\framework\\src\\Illuminate\\Http\\Middleware\\ValidatePostSize.php(27): Illuminate\\Pipeline\\Pipeline->Illuminate\\Pipeline\\{closure}(Object(Illuminate\\Http\\Request))
#37 C:\\xampp\\htdocs\\PABW\\TA4\\TemuMakanan\\vendor\\laravel\\framework\\src\\Illuminate\\Pipeline\\Pipeline.php(219): Illuminate\\Http\\Middleware\\ValidatePostSize->handle(Object(Illuminate\\Http\\Request), Object(Closure))
#38 C:\\xampp\\htdocs\\PABW\\TA4\\TemuMakanan\\vendor\\laravel\\framework\\src\\Illuminate\\Foundation\\Http\\Middleware\\PreventRequestsDuringMaintenance.php(109): Illuminate\\Pipeline\\Pipeline->Illuminate\\Pipeline\\{closure}(Object(Illuminate\\Http\\Request))
#39 C:\\xampp\\htdocs\\PABW\\TA4\\TemuMakanan\\vendor\\laravel\\framework\\src\\Illuminate\\Pipeline\\Pipeline.php(219): Illuminate\\Foundation\\Http\\Middleware\\PreventRequestsDuringMaintenance->handle(Object(Illuminate\\Http\\Request), Object(Closure))
#40 C:\\xampp\\htdocs\\PABW\\TA4\\TemuMakanan\\vendor\\laravel\\framework\\src\\Illuminate\\Http\\Middleware\\HandleCors.php(48): Illuminate\\Pipeline\\Pipeline->Illuminate\\Pipeline\\{closure}(Object(Illuminate\\Http\\Request))
#41 C:\\xampp\\htdocs\\PABW\\TA4\\TemuMakanan\\vendor\\laravel\\framework\\src\\Illuminate\\Pipeline\\Pipeline.php(219): Illuminate\\Http\\Middleware\\HandleCors->handle(Object(Illuminate\\Http\\Request), Object(Closure))
#42 C:\\xampp\\htdocs\\PABW\\TA4\\TemuMakanan\\vendor\\laravel\\framework\\src\\Illuminate\\Http\\Middleware\\TrustProxies.php(58): Illuminate\\Pipeline\\Pipeline->Illuminate\\Pipeline\\{closure}(Object(Illuminate\\Http\\Request))
#43 C:\\xampp\\htdocs\\PABW\\TA4\\TemuMakanan\\vendor\\laravel\\framework\\src\\Illuminate\\Pipeline\\Pipeline.php(219): Illuminate\\Http\\Middleware\\TrustProxies->handle(Object(Illuminate\\Http\\Request), Object(Closure))
#44 C:\\xampp\\htdocs\\PABW\\TA4\\TemuMakanan\\vendor\\laravel\\framework\\src\\Illuminate\\Foundation\\Http\\Middleware\\InvokeDeferredCallbacks.php(22): Illuminate\\Pipeline\\Pipeline->Illuminate\\Pipeline\\{closure}(Object(Illuminate\\Http\\Request))
#45 C:\\xampp\\htdocs\\PABW\\TA4\\TemuMakanan\\vendor\\laravel\\framework\\src\\Illuminate\\Pipeline\\Pipeline.php(219): Illuminate\\Foundation\\Http\\Middleware\\InvokeDeferredCallbacks->handle(Object(Illuminate\\Http\\Request), Object(Closure))
#46 C:\\xampp\\htdocs\\PABW\\TA4\\TemuMakanan\\vendor\\laravel\\framework\\src\\Illuminate\\Http\\Middleware\\ValidatePathEncoding.php(26): Illuminate\\Pipeline\\Pipeline->Illuminate\\Pipeline\\{closure}(Object(Illuminate\\Http\\Request))
#47 C:\\xampp\\htdocs\\PABW\\TA4\\TemuMakanan\\vendor\\laravel\\framework\\src\\Illuminate\\Pipeline\\Pipeline.php(219): Illuminate\\Http\\Middleware\\ValidatePathEncoding->handle(Object(Illuminate\\Http\\Request), Object(Closure))
#48 C:\\xampp\\htdocs\\PABW\\TA4\\TemuMakanan\\vendor\\laravel\\framework\\src\\Illuminate\\Pipeline\\Pipeline.php(137): Illuminate\\Pipeline\\Pipeline->Illuminate\\Pipeline\\{closure}(Object(Illuminate\\Http\\Request))
#49 C:\\xampp\\htdocs\\PABW\\TA4\\TemuMakanan\\vendor\\laravel\\framework\\src\\Illuminate\\Foundation\\Http\\Kernel.php(175): Illuminate\\Pipeline\\Pipeline->then(Object(Closure))
#50 C:\\xampp\\htdocs\\PABW\\TA4\\TemuMakanan\\vendor\\laravel\\framework\\src\\Illuminate\\Foundation\\Http\\Kernel.php(144): Illuminate\\Foundation\\Http\\Kernel->sendRequestThroughRouter(Object(Illuminate\\Http\\Request))
#51 C:\\xampp\\htdocs\\PABW\\TA4\\TemuMakanan\\vendor\\laravel\\framework\\src\\Illuminate\\Foundation\\Application.php(1220): Illuminate\\Foundation\\Http\\Kernel->handle(Object(Illuminate\\Http\\Request))
#52 C:\\xampp\\htdocs\\PABW\\TA4\\TemuMakanan\\public\\index.php(20): Illuminate\\Foundation\\Application->handleRequest(Object(Illuminate\\Http\\Request))
#53 C:\\xampp\\htdocs\\PABW\\TA4\\TemuMakanan\\vendor\\laravel\\framework\\src\\Illuminate\\Foundation\\resources\\server.php(23): require_once('C:\\\\xampp\\\\htdocs...')
#54 {main}
"} 
[2025-10-14 19:28:51] local.ERROR: Target class [App\Http\Controllers\BookingController] does not exist. {"exception":"[object] (Illuminate\\Contracts\\Container\\BindingResolutionException(code: 0): Target class [App\\Http\\Controllers\\BookingController] does not exist. at C:\\xampp\\htdocs\\PABW\\TA4\\TemuMakanan\\vendor\\laravel\\framework\\src\\Illuminate\\Container\\Container.php:1163)
[stacktrace]
#0 C:\\xampp\\htdocs\\PABW\\TA4\\TemuMakanan\\vendor\\laravel\\framework\\src\\Illuminate\\Container\\Container.php(972): Illuminate\\Container\\Container->build('App\\\\Http\\\\Contro...')
#1 C:\\xampp\\htdocs\\PABW\\TA4\\TemuMakanan\\vendor\\laravel\\framework\\src\\Illuminate\\Foundation\\Application.php(1078): Illuminate\\Container\\Container->resolve('App\\\\Http\\\\Contro...', Array, true)
#2 C:\\xampp\\htdocs\\PABW\\TA4\\TemuMakanan\\vendor\\laravel\\framework\\src\\Illuminate\\Container\\Container.php(903): Illuminate\\Foundation\\Application->resolve('App\\\\Http\\\\Contro...', Array)
#3 C:\\xampp\\htdocs\\PABW\\TA4\\TemuMakanan\\vendor\\laravel\\framework\\src\\Illuminate\\Foundation\\Application.php(1058): Illuminate\\Container\\Container->make('App\\\\Http\\\\Contro...', Array)
#4 C:\\xampp\\htdocs\\PABW\\TA4\\TemuMakanan\\vendor\\laravel\\framework\\src\\Illuminate\\Routing\\Route.php(286): Illuminate\\Foundation\\Application->make('App\\\\Http\\\\Contro...')
#5 C:\\xampp\\htdocs\\PABW\\TA4\\TemuMakanan\\vendor\\laravel\\framework\\src\\Illuminate\\Routing\\Route.php(266): Illuminate\\Routing\\Route->getController()
#6 C:\\xampp\\htdocs\\PABW\\TA4\\TemuMakanan\\vendor\\laravel\\framework\\src\\Illuminate\\Routing\\Route.php(211): Illuminate\\Routing\\Route->runController()
#7 C:\\xampp\\htdocs\\PABW\\TA4\\TemuMakanan\\vendor\\laravel\\framework\\src\\Illuminate\\Routing\\Router.php(822): Illuminate\\Routing\\Route->run()
#8 C:\\xampp\\htdocs\\PABW\\TA4\\TemuMakanan\\vendor\\laravel\\framework\\src\\Illuminate\\Pipeline\\Pipeline.php(180): Illuminate\\Routing\\Router->Illuminate\\Routing\\{closure}(Object(Illuminate\\Http\\Request))
#9 C:\\xampp\\htdocs\\PABW\\TA4\\TemuMakanan\\vendor\\laravel\\framework\\src\\Illuminate\\Routing\\Middleware\\SubstituteBindings.php(50): Illuminate\\Pipeline\\Pipeline->Illuminate\\Pipeline\\{closure}(Object(Illuminate\\Http\\Request))
#10 C:\\xampp\\htdocs\\PABW\\TA4\\TemuMakanan\\vendor\\laravel\\framework\\src\\Illuminate\\Pipeline\\Pipeline.php(219): Illuminate\\Routing\\Middleware\\SubstituteBindings->handle(Object(Illuminate\\Http\\Request), Object(Closure))
#11 C:\\xampp\\htdocs\\PABW\\TA4\\TemuMakanan\\vendor\\laravel\\framework\\src\\Illuminate\\Foundation\\Http\\Middleware\\VerifyCsrfToken.php(87): Illuminate\\Pipeline\\Pipeline->Illuminate\\Pipeline\\{closure}(Object(Illuminate\\Http\\Request))
#12 C:\\xampp\\htdocs\\PABW\\TA4\\TemuMakanan\\vendor\\laravel\\framework\\src\\Illuminate\\Pipeline\\Pipeline.php(219): Illuminate\\Foundation\\Http\\Middleware\\VerifyCsrfToken->handle(Object(Illuminate\\Http\\Request), Object(Closure))
#13 C:\\xampp\\htdocs\\PABW\\TA4\\TemuMakanan\\vendor\\laravel\\framework\\src\\Illuminate\\View\\Middleware\\ShareErrorsFromSession.php(48): Illuminate\\Pipeline\\Pipeline->Illuminate\\Pipeline\\{closure}(Object(Illuminate\\Http\\Request))
#14 C:\\xampp\\htdocs\\PABW\\TA4\\TemuMakanan\\vendor\\laravel\\framework\\src\\Illuminate\\Pipeline\\Pipeline.php(219): Illuminate\\View\\Middleware\\ShareErrorsFromSession->handle(Object(Illuminate\\Http\\Request), Object(Closure))
#15 C:\\xampp\\htdocs\\PABW\\TA4\\TemuMakanan\\vendor\\laravel\\framework\\src\\Illuminate\\Session\\Middleware\\StartSession.php(120): Illuminate\\Pipeline\\Pipeline->Illuminate\\Pipeline\\{closure}(Object(Illuminate\\Http\\Request))
#16 C:\\xampp\\htdocs\\PABW\\TA4\\TemuMakanan\\vendor\\laravel\\framework\\src\\Illuminate\\Session\\Middleware\\StartSession.php(63): Illuminate\\Session\\Middleware\\StartSession->handleStatefulRequest(Object(Illuminate\\Http\\Request), Object(Illuminate\\Session\\Store), Object(Closure))
#17 C:\\xampp\\htdocs\\PABW\\TA4\\TemuMakanan\\vendor\\laravel\\framework\\src\\Illuminate\\Pipeline\\Pipeline.php(219): Illuminate\\Session\\Middleware\\StartSession->handle(Object(Illuminate\\Http\\Request), Object(Closure))
#18 C:\\xampp\\htdocs\\PABW\\TA4\\TemuMakanan\\vendor\\laravel\\framework\\src\\Illuminate\\Cookie\\Middleware\\AddQueuedCookiesToResponse.php(36): Illuminate\\Pipeline\\Pipeline->Illuminate\\Pipeline\\{closure}(Object(Illuminate\\Http\\Request))
#19 C:\\xampp\\htdocs\\PABW\\TA4\\TemuMakanan\\vendor\\laravel\\framework\\src\\Illuminate\\Pipeline\\Pipeline.php(219): Illuminate\\Cookie\\Middleware\\AddQueuedCookiesToResponse->handle(Object(Illuminate\\Http\\Request), Object(Closure))
#20 C:\\xampp\\htdocs\\PABW\\TA4\\TemuMakanan\\vendor\\laravel\\framework\\src\\Illuminate\\Cookie\\Middleware\\EncryptCookies.php(74): Illuminate\\Pipeline\\Pipeline->Illuminate\\Pipeline\\{closure}(Object(Illuminate\\Http\\Request))
#21 C:\\xampp\\htdocs\\PABW\\TA4\\TemuMakanan\\vendor\\laravel\\framework\\src\\Illuminate\\Pipeline\\Pipeline.php(219): Illuminate\\Cookie\\Middleware\\EncryptCookies->handle(Object(Illuminate\\Http\\Request), Object(Closure))
#22 C:\\xampp\\htdocs\\PABW\\TA4\\TemuMakanan\\vendor\\laravel\\framework\\src\\Illuminate\\Pipeline\\Pipeline.php(137): Illuminate\\Pipeline\\Pipeline->Illuminate\\Pipeline\\{closure}(Object(Illuminate\\Http\\Request))
#23 C:\\xampp\\htdocs\\PABW\\TA4\\TemuMakanan\\vendor\\laravel\\framework\\src\\Illuminate\\Routing\\Router.php(821): Illuminate\\Pipeline\\Pipeline->then(Object(Closure))
#24 C:\\xampp\\htdocs\\PABW\\TA4\\TemuMakanan\\vendor\\laravel\\framework\\src\\Illuminate\\Routing\\Router.php(800): Illuminate\\Routing\\Router->runRouteWithinStack(Object(Illuminate\\Routing\\Route), Object(Illuminate\\Http\\Request))
#25 C:\\xampp\\htdocs\\PABW\\TA4\\TemuMakanan\\vendor\\laravel\\framework\\src\\Illuminate\\Routing\\Router.php(764): Illuminate\\Routing\\Router->runRoute(Object(Illuminate\\Http\\Request), Object(Illuminate\\Routing\\Route))
#26 C:\\xampp\\htdocs\\PABW\\TA4\\TemuMakanan\\vendor\\laravel\\framework\\src\\Illuminate\\Routing\\Router.php(753): Illuminate\\Routing\\Router->dispatchToRoute(Object(Illuminate\\Http\\Request))
#27 C:\\xampp\\htdocs\\PABW\\TA4\\TemuMakanan\\vendor\\laravel\\framework\\src\\Illuminate\\Foundation\\Http\\Kernel.php(200): Illuminate\\Routing\\Router->dispatch(Object(Illuminate\\Http\\Request))
#28 C:\\xampp\\htdocs\\PABW\\TA4\\TemuMakanan\\vendor\\laravel\\framework\\src\\Illuminate\\Pipeline\\Pipeline.php(180): Illuminate\\Foundation\\Http\\Kernel->Illuminate\\Foundation\\Http\\{closure}(Object(Illuminate\\Http\\Request))
#29 C:\\xampp\\htdocs\\PABW\\TA4\\TemuMakanan\\vendor\\laravel\\framework\\src\\Illuminate\\Foundation\\Http\\Middleware\\TransformsRequest.php(21): Illuminate\\Pipeline\\Pipeline->Illuminate\\Pipeline\\{closure}(Object(Illuminate\\Http\\Request))
#30 C:\\xampp\\htdocs\\PABW\\TA4\\TemuMakanan\\vendor\\laravel\\framework\\src\\Illuminate\\Foundation\\Http\\Middleware\\ConvertEmptyStringsToNull.php(31): Illuminate\\Foundation\\Http\\Middleware\\TransformsRequest->handle(Object(Illuminate\\Http\\Request), Object(Closure))
#31 C:\\xampp\\htdocs\\PABW\\TA4\\TemuMakanan\\vendor\\laravel\\framework\\src\\Illuminate\\Pipeline\\Pipeline.php(219): Illuminate\\Foundation\\Http\\Middleware\\ConvertEmptyStringsToNull->handle(Object(Illuminate\\Http\\Request), Object(Closure))
#32 C:\\xampp\\htdocs\\PABW\\TA4\\TemuMakanan\\vendor\\laravel\\framework\\src\\Illuminate\\Foundation\\Http\\Middleware\\TransformsRequest.php(21): Illuminate\\Pipeline\\Pipeline->Illuminate\\Pipeline\\{closure}(Object(Illuminate\\Http\\Request))
#33 C:\\xampp\\htdocs\\PABW\\TA4\\TemuMakanan\\vendor\\laravel\\framework\\src\\Illuminate\\Foundation\\Http\\Middleware\\TrimStrings.php(51): Illuminate\\Foundation\\Http\\Middleware\\TransformsRequest->handle(Object(Illuminate\\Http\\Request), Object(Closure))
#34 C:\\xampp\\htdocs\\PABW\\TA4\\TemuMakanan\\vendor\\laravel\\framework\\src\\Illuminate\\Pipeline\\Pipeline.php(219): Illuminate\\Foundation\\Http\\Middleware\\TrimStrings->handle(Object(Illuminate\\Http\\Request), Object(Closure))
#35 C:\\xampp\\htdocs\\PABW\\TA4\\TemuMakanan\\vendor\\laravel\\framework\\src\\Illuminate\\Http\\Middleware\\ValidatePostSize.php(27): Illuminate\\Pipeline\\Pipeline->Illuminate\\Pipeline\\{closure}(Object(Illuminate\\Http\\Request))
#36 C:\\xampp\\htdocs\\PABW\\TA4\\TemuMakanan\\vendor\\laravel\\framework\\src\\Illuminate\\Pipeline\\Pipeline.php(219): Illuminate\\Http\\Middleware\\ValidatePostSize->handle(Object(Illuminate\\Http\\Request), Object(Closure))
#37 C:\\xampp\\htdocs\\PABW\\TA4\\TemuMakanan\\vendor\\laravel\\framework\\src\\Illuminate\\Foundation\\Http\\Middleware\\PreventRequestsDuringMaintenance.php(109): Illuminate\\Pipeline\\Pipeline->Illuminate\\Pipeline\\{closure}(Object(Illuminate\\Http\\Request))
#38 C:\\xampp\\htdocs\\PABW\\TA4\\TemuMakanan\\vendor\\laravel\\framework\\src\\Illuminate\\Pipeline\\Pipeline.php(219): Illuminate\\Foundation\\Http\\Middleware\\PreventRequestsDuringMaintenance->handle(Object(Illuminate\\Http\\Request), Object(Closure))
#39 C:\\xampp\\htdocs\\PABW\\TA4\\TemuMakanan\\vendor\\laravel\\framework\\src\\Illuminate\\Http\\Middleware\\HandleCors.php(48): Illuminate\\Pipeline\\Pipeline->Illuminate\\Pipeline\\{closure}(Object(Illuminate\\Http\\Request))
#40 C:\\xampp\\htdocs\\PABW\\TA4\\TemuMakanan\\vendor\\laravel\\framework\\src\\Illuminate\\Pipeline\\Pipeline.php(219): Illuminate\\Http\\Middleware\\HandleCors->handle(Object(Illuminate\\Http\\Request), Object(Closure))
#41 C:\\xampp\\htdocs\\PABW\\TA4\\TemuMakanan\\vendor\\laravel\\framework\\src\\Illuminate\\Http\\Middleware\\TrustProxies.php(58): Illuminate\\Pipeline\\Pipeline->Illuminate\\Pipeline\\{closure}(Object(Illuminate\\Http\\Request))
#42 C:\\xampp\\htdocs\\PABW\\TA4\\TemuMakanan\\vendor\\laravel\\framework\\src\\Illuminate\\Pipeline\\Pipeline.php(219): Illuminate\\Http\\Middleware\\TrustProxies->handle(Object(Illuminate\\Http\\Request), Object(Closure))
#43 C:\\xampp\\htdocs\\PABW\\TA4\\TemuMakanan\\vendor\\laravel\\framework\\src\\Illuminate\\Foundation\\Http\\Middleware\\InvokeDeferredCallbacks.php(22): Illuminate\\Pipeline\\Pipeline->Illuminate\\Pipeline\\{closure}(Object(Illuminate\\Http\\Request))
#44 C:\\xampp\\htdocs\\PABW\\TA4\\TemuMakanan\\vendor\\laravel\\framework\\src\\Illuminate\\Pipeline\\Pipeline.php(219): Illuminate\\Foundation\\Http\\Middleware\\InvokeDeferredCallbacks->handle(Object(Illuminate\\Http\\Request), Object(Closure))
#45 C:\\xampp\\htdocs\\PABW\\TA4\\TemuMakanan\\vendor\\laravel\\framework\\src\\Illuminate\\Http\\Middleware\\ValidatePathEncoding.php(26): Illuminate\\Pipeline\\Pipeline->Illuminate\\Pipeline\\{closure}(Object(Illuminate\\Http\\Request))
#46 C:\\xampp\\htdocs\\PABW\\TA4\\TemuMakanan\\vendor\\laravel\\framework\\src\\Illuminate\\Pipeline\\Pipeline.php(219): Illuminate\\Http\\Middleware\\ValidatePathEncoding->handle(Object(Illuminate\\Http\\Request), Object(Closure))
#47 C:\\xampp\\htdocs\\PABW\\TA4\\TemuMakanan\\vendor\\laravel\\framework\\src\\Illuminate\\Pipeline\\Pipeline.php(137): Illuminate\\Pipeline\\Pipeline->Illuminate\\Pipeline\\{closure}(Object(Illuminate\\Http\\Request))
#48 C:\\xampp\\htdocs\\PABW\\TA4\\TemuMakanan\\vendor\\laravel\\framework\\src\\Illuminate\\Foundation\\Http\\Kernel.php(175): Illuminate\\Pipeline\\Pipeline->then(Object(Closure))
#49 C:\\xampp\\htdocs\\PABW\\TA4\\TemuMakanan\\vendor\\laravel\\framework\\src\\Illuminate\\Foundation\\Http\\Kernel.php(144): Illuminate\\Foundation\\Http\\Kernel->sendRequestThroughRouter(Object(Illuminate\\Http\\Request))
#50 C:\\xampp\\htdocs\\PABW\\TA4\\TemuMakanan\\vendor\\laravel\\framework\\src\\Illuminate\\Foundation\\Application.php(1220): Illuminate\\Foundation\\Http\\Kernel->handle(Object(Illuminate\\Http\\Request))
#51 C:\\xampp\\htdocs\\PABW\\TA4\\TemuMakanan\\public\\index.php(20): Illuminate\\Foundation\\Application->handleRequest(Object(Illuminate\\Http\\Request))
#52 C:\\xampp\\htdocs\\PABW\\TA4\\TemuMakanan\\vendor\\laravel\\framework\\src\\Illuminate\\Foundation\\resources\\server.php(23): require_once('C:\\\\xampp\\\\htdocs...')
#53 {main}

[previous exception] [object] (ReflectionException(code: -1): Class \"App\\Http\\Controllers\\BookingController\" does not exist at C:\\xampp\\htdocs\\PABW\\TA4\\TemuMakanan\\vendor\\laravel\\framework\\src\\Illuminate\\Container\\Container.php:1161)
[stacktrace]
#0 C:\\xampp\\htdocs\\PABW\\TA4\\TemuMakanan\\vendor\\laravel\\framework\\src\\Illuminate\\Container\\Container.php(1161): ReflectionClass->__construct('App\\\\Http\\\\Contro...')
#1 C:\\xampp\\htdocs\\PABW\\TA4\\TemuMakanan\\vendor\\laravel\\framework\\src\\Illuminate\\Container\\Container.php(972): Illuminate\\Container\\Container->build('App\\\\Http\\\\Contro...')
#2 C:\\xampp\\htdocs\\PABW\\TA4\\TemuMakanan\\vendor\\laravel\\framework\\src\\Illuminate\\Foundation\\Application.php(1078): Illuminate\\Container\\Container->resolve('App\\\\Http\\\\Contro...', Array, true)
#3 C:\\xampp\\htdocs\\PABW\\TA4\\TemuMakanan\\vendor\\laravel\\framework\\src\\Illuminate\\Container\\Container.php(903): Illuminate\\Foundation\\Application->resolve('App\\\\Http\\\\Contro...', Array)
#4 C:\\xampp\\htdocs\\PABW\\TA4\\TemuMakanan\\vendor\\laravel\\framework\\src\\Illuminate\\Foundation\\Application.php(1058): Illuminate\\Container\\Container->make('App\\\\Http\\\\Contro...', Array)
#5 C:\\xampp\\htdocs\\PABW\\TA4\\TemuMakanan\\vendor\\laravel\\framework\\src\\Illuminate\\Routing\\Route.php(286): Illuminate\\Foundation\\Application->make('App\\\\Http\\\\Contro...')
#6 C:\\xampp\\htdocs\\PABW\\TA4\\TemuMakanan\\vendor\\laravel\\framework\\src\\Illuminate\\Routing\\Route.php(266): Illuminate\\Routing\\Route->getController()
#7 C:\\xampp\\htdocs\\PABW\\TA4\\TemuMakanan\\vendor\\laravel\\framework\\src\\Illuminate\\Routing\\Route.php(211): Illuminate\\Routing\\Route->runController()
#8 C:\\xampp\\htdocs\\PABW\\TA4\\TemuMakanan\\vendor\\laravel\\framework\\src\\Illuminate\\Routing\\Router.php(822): Illuminate\\Routing\\Route->run()
#9 C:\\xampp\\htdocs\\PABW\\TA4\\TemuMakanan\\vendor\\laravel\\framework\\src\\Illuminate\\Pipeline\\Pipeline.php(180): Illuminate\\Routing\\Router->Illuminate\\Routing\\{closure}(Object(Illuminate\\Http\\Request))
#10 C:\\xampp\\htdocs\\PABW\\TA4\\TemuMakanan\\vendor\\laravel\\framework\\src\\Illuminate\\Routing\\Middleware\\SubstituteBindings.php(50): Illuminate\\Pipeline\\Pipeline->Illuminate\\Pipeline\\{closure}(Object(Illuminate\\Http\\Request))
#11 C:\\xampp\\htdocs\\PABW\\TA4\\TemuMakanan\\vendor\\laravel\\framework\\src\\Illuminate\\Pipeline\\Pipeline.php(219): Illuminate\\Routing\\Middleware\\SubstituteBindings->handle(Object(Illuminate\\Http\\Request), Object(Closure))
#12 C:\\xampp\\htdocs\\PABW\\TA4\\TemuMakanan\\vendor\\laravel\\framework\\src\\Illuminate\\Foundation\\Http\\Middleware\\VerifyCsrfToken.php(87): Illuminate\\Pipeline\\Pipeline->Illuminate\\Pipeline\\{closure}(Object(Illuminate\\Http\\Request))
#13 C:\\xampp\\htdocs\\PABW\\TA4\\TemuMakanan\\vendor\\laravel\\framework\\src\\Illuminate\\Pipeline\\Pipeline.php(219): Illuminate\\Foundation\\Http\\Middleware\\VerifyCsrfToken->handle(Object(Illuminate\\Http\\Request), Object(Closure))
#14 C:\\xampp\\htdocs\\PABW\\TA4\\TemuMakanan\\vendor\\laravel\\framework\\src\\Illuminate\\View\\Middleware\\ShareErrorsFromSession.php(48): Illuminate\\Pipeline\\Pipeline->Illuminate\\Pipeline\\{closure}(Object(Illuminate\\Http\\Request))
#15 C:\\xampp\\htdocs\\PABW\\TA4\\TemuMakanan\\vendor\\laravel\\framework\\src\\Illuminate\\Pipeline\\Pipeline.php(219): Illuminate\\View\\Middleware\\ShareErrorsFromSession->handle(Object(Illuminate\\Http\\Request), Object(Closure))
#16 C:\\xampp\\htdocs\\PABW\\TA4\\TemuMakanan\\vendor\\laravel\\framework\\src\\Illuminate\\Session\\Middleware\\StartSession.php(120): Illuminate\\Pipeline\\Pipeline->Illuminate\\Pipeline\\{closure}(Object(Illuminate\\Http\\Request))
#17 C:\\xampp\\htdocs\\PABW\\TA4\\TemuMakanan\\vendor\\laravel\\framework\\src\\Illuminate\\Session\\Middleware\\StartSession.php(63): Illuminate\\Session\\Middleware\\StartSession->handleStatefulRequest(Object(Illuminate\\Http\\Request), Object(Illuminate\\Session\\Store), Object(Closure))
#18 C:\\xampp\\htdocs\\PABW\\TA4\\TemuMakanan\\vendor\\laravel\\framework\\src\\Illuminate\\Pipeline\\Pipeline.php(219): Illuminate\\Session\\Middleware\\StartSession->handle(Object(Illuminate\\Http\\Request), Object(Closure))
#19 C:\\xampp\\htdocs\\PABW\\TA4\\TemuMakanan\\vendor\\laravel\\framework\\src\\Illuminate\\Cookie\\Middleware\\AddQueuedCookiesToResponse.php(36): Illuminate\\Pipeline\\Pipeline->Illuminate\\Pipeline\\{closure}(Object(Illuminate\\Http\\Request))
#20 C:\\xampp\\htdocs\\PABW\\TA4\\TemuMakanan\\vendor\\laravel\\framework\\src\\Illuminate\\Pipeline\\Pipeline.php(219): Illuminate\\Cookie\\Middleware\\AddQueuedCookiesToResponse->handle(Object(Illuminate\\Http\\Request), Object(Closure))
#21 C:\\xampp\\htdocs\\PABW\\TA4\\TemuMakanan\\vendor\\laravel\\framework\\src\\Illuminate\\Cookie\\Middleware\\EncryptCookies.php(74): Illuminate\\Pipeline\\Pipeline->Illuminate\\Pipeline\\{closure}(Object(Illuminate\\Http\\Request))
#22 C:\\xampp\\htdocs\\PABW\\TA4\\TemuMakanan\\vendor\\laravel\\framework\\src\\Illuminate\\Pipeline\\Pipeline.php(219): Illuminate\\Cookie\\Middleware\\EncryptCookies->handle(Object(Illuminate\\Http\\Request), Object(Closure))
#23 C:\\xampp\\htdocs\\PABW\\TA4\\TemuMakanan\\vendor\\laravel\\framework\\src\\Illuminate\\Pipeline\\Pipeline.php(137): Illuminate\\Pipeline\\Pipeline->Illuminate\\Pipeline\\{closure}(Object(Illuminate\\Http\\Request))
#24 C:\\xampp\\htdocs\\PABW\\TA4\\TemuMakanan\\vendor\\laravel\\framework\\src\\Illuminate\\Routing\\Router.php(821): Illuminate\\Pipeline\\Pipeline->then(Object(Closure))
#25 C:\\xampp\\htdocs\\PABW\\TA4\\TemuMakanan\\vendor\\laravel\\framework\\src\\Illuminate\\Routing\\Router.php(800): Illuminate\\Routing\\Router->runRouteWithinStack(Object(Illuminate\\Routing\\Route), Object(Illuminate\\Http\\Request))
#26 C:\\xampp\\htdocs\\PABW\\TA4\\TemuMakanan\\vendor\\laravel\\framework\\src\\Illuminate\\Routing\\Router.php(764): Illuminate\\Routing\\Router->runRoute(Object(Illuminate\\Http\\Request), Object(Illuminate\\Routing\\Route))
#27 C:\\xampp\\htdocs\\PABW\\TA4\\TemuMakanan\\vendor\\laravel\\framework\\src\\Illuminate\\Routing\\Router.php(753): Illuminate\\Routing\\Router->dispatchToRoute(Object(Illuminate\\Http\\Request))
#28 C:\\xampp\\htdocs\\PABW\\TA4\\TemuMakanan\\vendor\\laravel\\framework\\src\\Illuminate\\Foundation\\Http\\Kernel.php(200): Illuminate\\Routing\\Router->dispatch(Object(Illuminate\\Http\\Request))
#29 C:\\xampp\\htdocs\\PABW\\TA4\\TemuMakanan\\vendor\\laravel\\framework\\src\\Illuminate\\Pipeline\\Pipeline.php(180): Illuminate\\Foundation\\Http\\Kernel->Illuminate\\Foundation\\Http\\{closure}(Object(Illuminate\\Http\\Request))
#30 C:\\xampp\\htdocs\\PABW\\TA4\\TemuMakanan\\vendor\\laravel\\framework\\src\\Illuminate\\Foundation\\Http\\Middleware\\TransformsRequest.php(21): Illuminate\\Pipeline\\Pipeline->Illuminate\\Pipeline\\{closure}(Object(Illuminate\\Http\\Request))
#31 C:\\xampp\\htdocs\\PABW\\TA4\\TemuMakanan\\vendor\\laravel\\framework\\src\\Illuminate\\Foundation\\Http\\Middleware\\ConvertEmptyStringsToNull.php(31): Illuminate\\Foundation\\Http\\Middleware\\TransformsRequest->handle(Object(Illuminate\\Http\\Request), Object(Closure))
#32 C:\\xampp\\htdocs\\PABW\\TA4\\TemuMakanan\\vendor\\laravel\\framework\\src\\Illuminate\\Pipeline\\Pipeline.php(219): Illuminate\\Foundation\\Http\\Middleware\\ConvertEmptyStringsToNull->handle(Object(Illuminate\\Http\\Request), Object(Closure))
#33 C:\\xampp\\htdocs\\PABW\\TA4\\TemuMakanan\\vendor\\laravel\\framework\\src\\Illuminate\\Foundation\\Http\\Middleware\\TransformsRequest.php(21): Illuminate\\Pipeline\\Pipeline->Illuminate\\Pipeline\\{closure}(Object(Illuminate\\Http\\Request))
#34 C:\\xampp\\htdocs\\PABW\\TA4\\TemuMakanan\\vendor\\laravel\\framework\\src\\Illuminate\\Foundation\\Http\\Middleware\\TrimStrings.php(51): Illuminate\\Foundation\\Http\\Middleware\\TransformsRequest->handle(Object(Illuminate\\Http\\Request), Object(Closure))
#35 C:\\xampp\\htdocs\\PABW\\TA4\\TemuMakanan\\vendor\\laravel\\framework\\src\\Illuminate\\Pipeline\\Pipeline.php(219): Illuminate\\Foundation\\Http\\Middleware\\TrimStrings->handle(Object(Illuminate\\Http\\Request), Object(Closure))
#36 C:\\xampp\\htdocs\\PABW\\TA4\\TemuMakanan\\vendor\\laravel\\framework\\src\\Illuminate\\Http\\Middleware\\ValidatePostSize.php(27): Illuminate\\Pipeline\\Pipeline->Illuminate\\Pipeline\\{closure}(Object(Illuminate\\Http\\Request))
#37 C:\\xampp\\htdocs\\PABW\\TA4\\TemuMakanan\\vendor\\laravel\\framework\\src\\Illuminate\\Pipeline\\Pipeline.php(219): Illuminate\\Http\\Middleware\\ValidatePostSize->handle(Object(Illuminate\\Http\\Request), Object(Closure))
#38 C:\\xampp\\htdocs\\PABW\\TA4\\TemuMakanan\\vendor\\laravel\\framework\\src\\Illuminate\\Foundation\\Http\\Middleware\\PreventRequestsDuringMaintenance.php(109): Illuminate\\Pipeline\\Pipeline->Illuminate\\Pipeline\\{closure}(Object(Illuminate\\Http\\Request))
#39 C:\\xampp\\htdocs\\PABW\\TA4\\TemuMakanan\\vendor\\laravel\\framework\\src\\Illuminate\\Pipeline\\Pipeline.php(219): Illuminate\\Foundation\\Http\\Middleware\\PreventRequestsDuringMaintenance->handle(Object(Illuminate\\Http\\Request), Object(Closure))
#40 C:\\xampp\\htdocs\\PABW\\TA4\\TemuMakanan\\vendor\\laravel\\framework\\src\\Illuminate\\Http\\Middleware\\HandleCors.php(48): Illuminate\\Pipeline\\Pipeline->Illuminate\\Pipeline\\{closure}(Object(Illuminate\\Http\\Request))
#41 C:\\xampp\\htdocs\\PABW\\TA4\\TemuMakanan\\vendor\\laravel\\framework\\src\\Illuminate\\Pipeline\\Pipeline.php(219): Illuminate\\Http\\Middleware\\HandleCors->handle(Object(Illuminate\\Http\\Request), Object(Closure))
#42 C:\\xampp\\htdocs\\PABW\\TA4\\TemuMakanan\\vendor\\laravel\\framework\\src\\Illuminate\\Http\\Middleware\\TrustProxies.php(58): Illuminate\\Pipeline\\Pipeline->Illuminate\\Pipeline\\{closure}(Object(Illuminate\\Http\\Request))
#43 C:\\xampp\\htdocs\\PABW\\TA4\\TemuMakanan\\vendor\\laravel\\framework\\src\\Illuminate\\Pipeline\\Pipeline.php(219): Illuminate\\Http\\Middleware\\TrustProxies->handle(Object(Illuminate\\Http\\Request), Object(Closure))
#44 C:\\xampp\\htdocs\\PABW\\TA4\\TemuMakanan\\vendor\\laravel\\framework\\src\\Illuminate\\Foundation\\Http\\Middleware\\InvokeDeferredCallbacks.php(22): Illuminate\\Pipeline\\Pipeline->Illuminate\\Pipeline\\{closure}(Object(Illuminate\\Http\\Request))
#45 C:\\xampp\\htdocs\\PABW\\TA4\\TemuMakanan\\vendor\\laravel\\framework\\src\\Illuminate\\Pipeline\\Pipeline.php(219): Illuminate\\Foundation\\Http\\Middleware\\InvokeDeferredCallbacks->handle(Object(Illuminate\\Http\\Request), Object(Closure))
#46 C:\\xampp\\htdocs\\PABW\\TA4\\TemuMakanan\\vendor\\laravel\\framework\\src\\Illuminate\\Http\\Middleware\\ValidatePathEncoding.php(26): Illuminate\\Pipeline\\Pipeline->Illuminate\\Pipeline\\{closure}(Object(Illuminate\\Http\\Request))
#47 C:\\xampp\\htdocs\\PABW\\TA4\\TemuMakanan\\vendor\\laravel\\framework\\src\\Illuminate\\Pipeline\\Pipeline.php(219): Illuminate\\Http\\Middleware\\ValidatePathEncoding->handle(Object(Illuminate\\Http\\Request), Object(Closure))
#48 C:\\xampp\\htdocs\\PABW\\TA4\\TemuMakanan\\vendor\\laravel\\framework\\src\\Illuminate\\Pipeline\\Pipeline.php(137): Illuminate\\Pipeline\\Pipeline->Illuminate\\Pipeline\\{closure}(Object(Illuminate\\Http\\Request))
#49 C:\\xampp\\htdocs\\PABW\\TA4\\TemuMakanan\\vendor\\laravel\\framework\\src\\Illuminate\\Foundation\\Http\\Kernel.php(175): Illuminate\\Pipeline\\Pipeline->then(Object(Closure))
#50 C:\\xampp\\htdocs\\PABW\\TA4\\TemuMakanan\\vendor\\laravel\\framework\\src\\Illuminate\\Foundation\\Http\\Kernel.php(144): Illuminate\\Foundation\\Http\\Kernel->sendRequestThroughRouter(Object(Illuminate\\Http\\Request))
#51 C:\\xampp\\htdocs\\PABW\\TA4\\TemuMakanan\\vendor\\laravel\\framework\\src\\Illuminate\\Foundation\\Application.php(1220): Illuminate\\Foundation\\Http\\Kernel->handle(Object(Illuminate\\Http\\Request))
#52 C:\\xampp\\htdocs\\PABW\\TA4\\TemuMakanan\\public\\index.php(20): Illuminate\\Foundation\\Application->handleRequest(Object(Illuminate\\Http\\Request))
#53 C:\\xampp\\htdocs\\PABW\\TA4\\TemuMakanan\\vendor\\laravel\\framework\\src\\Illuminate\\Foundation\\resources\\server.php(23): require_once('C:\\\\xampp\\\\htdocs...')
#54 {main}
"} 
[2025-10-14 19:28:54] local.ERROR: Target class [App\Http\Controllers\BookingController] does not exist. {"exception":"[object] (Illuminate\\Contracts\\Container\\BindingResolutionException(code: 0): Target class [App\\Http\\Controllers\\BookingController] does not exist. at C:\\xampp\\htdocs\\PABW\\TA4\\TemuMakanan\\vendor\\laravel\\framework\\src\\Illuminate\\Container\\Container.php:1163)
[stacktrace]
#0 C:\\xampp\\htdocs\\PABW\\TA4\\TemuMakanan\\vendor\\laravel\\framework\\src\\Illuminate\\Container\\Container.php(972): Illuminate\\Container\\Container->build('App\\\\Http\\\\Contro...')
#1 C:\\xampp\\htdocs\\PABW\\TA4\\TemuMakanan\\vendor\\laravel\\framework\\src\\Illuminate\\Foundation\\Application.php(1078): Illuminate\\Container\\Container->resolve('App\\\\Http\\\\Contro...', Array, true)
#2 C:\\xampp\\htdocs\\PABW\\TA4\\TemuMakanan\\vendor\\laravel\\framework\\src\\Illuminate\\Container\\Container.php(903): Illuminate\\Foundation\\Application->resolve('App\\\\Http\\\\Contro...', Array)
#3 C:\\xampp\\htdocs\\PABW\\TA4\\TemuMakanan\\vendor\\laravel\\framework\\src\\Illuminate\\Foundation\\Application.php(1058): Illuminate\\Container\\Container->make('App\\\\Http\\\\Contro...', Array)
#4 C:\\xampp\\htdocs\\PABW\\TA4\\TemuMakanan\\vendor\\laravel\\framework\\src\\Illuminate\\Routing\\Route.php(286): Illuminate\\Foundation\\Application->make('App\\\\Http\\\\Contro...')
#5 C:\\xampp\\htdocs\\PABW\\TA4\\TemuMakanan\\vendor\\laravel\\framework\\src\\Illuminate\\Routing\\Route.php(266): Illuminate\\Routing\\Route->getController()
#6 C:\\xampp\\htdocs\\PABW\\TA4\\TemuMakanan\\vendor\\laravel\\framework\\src\\Illuminate\\Routing\\Route.php(211): Illuminate\\Routing\\Route->runController()
#7 C:\\xampp\\htdocs\\PABW\\TA4\\TemuMakanan\\vendor\\laravel\\framework\\src\\Illuminate\\Routing\\Router.php(822): Illuminate\\Routing\\Route->run()
#8 C:\\xampp\\htdocs\\PABW\\TA4\\TemuMakanan\\vendor\\laravel\\framework\\src\\Illuminate\\Pipeline\\Pipeline.php(180): Illuminate\\Routing\\Router->Illuminate\\Routing\\{closure}(Object(Illuminate\\Http\\Request))
#9 C:\\xampp\\htdocs\\PABW\\TA4\\TemuMakanan\\vendor\\laravel\\framework\\src\\Illuminate\\Routing\\Middleware\\SubstituteBindings.php(50): Illuminate\\Pipeline\\Pipeline->Illuminate\\Pipeline\\{closure}(Object(Illuminate\\Http\\Request))
#10 C:\\xampp\\htdocs\\PABW\\TA4\\TemuMakanan\\vendor\\laravel\\framework\\src\\Illuminate\\Pipeline\\Pipeline.php(219): Illuminate\\Routing\\Middleware\\SubstituteBindings->handle(Object(Illuminate\\Http\\Request), Object(Closure))
#11 C:\\xampp\\htdocs\\PABW\\TA4\\TemuMakanan\\vendor\\laravel\\framework\\src\\Illuminate\\Foundation\\Http\\Middleware\\VerifyCsrfToken.php(87): Illuminate\\Pipeline\\Pipeline->Illuminate\\Pipeline\\{closure}(Object(Illuminate\\Http\\Request))
#12 C:\\xampp\\htdocs\\PABW\\TA4\\TemuMakanan\\vendor\\laravel\\framework\\src\\Illuminate\\Pipeline\\Pipeline.php(219): Illuminate\\Foundation\\Http\\Middleware\\VerifyCsrfToken->handle(Object(Illuminate\\Http\\Request), Object(Closure))
#13 C:\\xampp\\htdocs\\PABW\\TA4\\TemuMakanan\\vendor\\laravel\\framework\\src\\Illuminate\\View\\Middleware\\ShareErrorsFromSession.php(48): Illuminate\\Pipeline\\Pipeline->Illuminate\\Pipeline\\{closure}(Object(Illuminate\\Http\\Request))
#14 C:\\xampp\\htdocs\\PABW\\TA4\\TemuMakanan\\vendor\\laravel\\framework\\src\\Illuminate\\Pipeline\\Pipeline.php(219): Illuminate\\View\\Middleware\\ShareErrorsFromSession->handle(Object(Illuminate\\Http\\Request), Object(Closure))
#15 C:\\xampp\\htdocs\\PABW\\TA4\\TemuMakanan\\vendor\\laravel\\framework\\src\\Illuminate\\Session\\Middleware\\StartSession.php(120): Illuminate\\Pipeline\\Pipeline->Illuminate\\Pipeline\\{closure}(Object(Illuminate\\Http\\Request))
#16 C:\\xampp\\htdocs\\PABW\\TA4\\TemuMakanan\\vendor\\laravel\\framework\\src\\Illuminate\\Session\\Middleware\\StartSession.php(63): Illuminate\\Session\\Middleware\\StartSession->handleStatefulRequest(Object(Illuminate\\Http\\Request), Object(Illuminate\\Session\\Store), Object(Closure))
#17 C:\\xampp\\htdocs\\PABW\\TA4\\TemuMakanan\\vendor\\laravel\\framework\\src\\Illuminate\\Pipeline\\Pipeline.php(219): Illuminate\\Session\\Middleware\\StartSession->handle(Object(Illuminate\\Http\\Request), Object(Closure))
#18 C:\\xampp\\htdocs\\PABW\\TA4\\TemuMakanan\\vendor\\laravel\\framework\\src\\Illuminate\\Cookie\\Middleware\\AddQueuedCookiesToResponse.php(36): Illuminate\\Pipeline\\Pipeline->Illuminate\\Pipeline\\{closure}(Object(Illuminate\\Http\\Request))
#19 C:\\xampp\\htdocs\\PABW\\TA4\\TemuMakanan\\vendor\\laravel\\framework\\src\\Illuminate\\Pipeline\\Pipeline.php(219): Illuminate\\Cookie\\Middleware\\AddQueuedCookiesToResponse->handle(Object(Illuminate\\Http\\Request), Object(Closure))
#20 C:\\xampp\\htdocs\\PABW\\TA4\\TemuMakanan\\vendor\\laravel\\framework\\src\\Illuminate\\Cookie\\Middleware\\EncryptCookies.php(74): Illuminate\\Pipeline\\Pipeline->Illuminate\\Pipeline\\{closure}(Object(Illuminate\\Http\\Request))
#21 C:\\xampp\\htdocs\\PABW\\TA4\\TemuMakanan\\vendor\\laravel\\framework\\src\\Illuminate\\Pipeline\\Pipeline.php(219): Illuminate\\Cookie\\Middleware\\EncryptCookies->handle(Object(Illuminate\\Http\\Request), Object(Closure))
#22 C:\\xampp\\htdocs\\PABW\\TA4\\TemuMakanan\\vendor\\laravel\\framework\\src\\Illuminate\\Pipeline\\Pipeline.php(137): Illuminate\\Pipeline\\Pipeline->Illuminate\\Pipeline\\{closure}(Object(Illuminate\\Http\\Request))
#23 C:\\xampp\\htdocs\\PABW\\TA4\\TemuMakanan\\vendor\\laravel\\framework\\src\\Illuminate\\Routing\\Router.php(821): Illuminate\\Pipeline\\Pipeline->then(Object(Closure))
#24 C:\\xampp\\htdocs\\PABW\\TA4\\TemuMakanan\\vendor\\laravel\\framework\\src\\Illuminate\\Routing\\Router.php(800): Illuminate\\Routing\\Router->runRouteWithinStack(Object(Illuminate\\Routing\\Route), Object(Illuminate\\Http\\Request))
#25 C:\\xampp\\htdocs\\PABW\\TA4\\TemuMakanan\\vendor\\laravel\\framework\\src\\Illuminate\\Routing\\Router.php(764): Illuminate\\Routing\\Router->runRoute(Object(Illuminate\\Http\\Request), Object(Illuminate\\Routing\\Route))
#26 C:\\xampp\\htdocs\\PABW\\TA4\\TemuMakanan\\vendor\\laravel\\framework\\src\\Illuminate\\Routing\\Router.php(753): Illuminate\\Routing\\Router->dispatchToRoute(Object(Illuminate\\Http\\Request))
#27 C:\\xampp\\htdocs\\PABW\\TA4\\TemuMakanan\\vendor\\laravel\\framework\\src\\Illuminate\\Foundation\\Http\\Kernel.php(200): Illuminate\\Routing\\Router->dispatch(Object(Illuminate\\Http\\Request))
#28 C:\\xampp\\htdocs\\PABW\\TA4\\TemuMakanan\\vendor\\laravel\\framework\\src\\Illuminate\\Pipeline\\Pipeline.php(180): Illuminate\\Foundation\\Http\\Kernel->Illuminate\\Foundation\\Http\\{closure}(Object(Illuminate\\Http\\Request))
#29 C:\\xampp\\htdocs\\PABW\\TA4\\TemuMakanan\\vendor\\laravel\\framework\\src\\Illuminate\\Foundation\\Http\\Middleware\\TransformsRequest.php(21): Illuminate\\Pipeline\\Pipeline->Illuminate\\Pipeline\\{closure}(Object(Illuminate\\Http\\Request))
#30 C:\\xampp\\htdocs\\PABW\\TA4\\TemuMakanan\\vendor\\laravel\\framework\\src\\Illuminate\\Foundation\\Http\\Middleware\\ConvertEmptyStringsToNull.php(31): Illuminate\\Foundation\\Http\\Middleware\\TransformsRequest->handle(Object(Illuminate\\Http\\Request), Object(Closure))
#31 C:\\xampp\\htdocs\\PABW\\TA4\\TemuMakanan\\vendor\\laravel\\framework\\src\\Illuminate\\Pipeline\\Pipeline.php(219): Illuminate\\Foundation\\Http\\Middleware\\ConvertEmptyStringsToNull->handle(Object(Illuminate\\Http\\Request), Object(Closure))
#32 C:\\xampp\\htdocs\\PABW\\TA4\\TemuMakanan\\vendor\\laravel\\framework\\src\\Illuminate\\Foundation\\Http\\Middleware\\TransformsRequest.php(21): Illuminate\\Pipeline\\Pipeline->Illuminate\\Pipeline\\{closure}(Object(Illuminate\\Http\\Request))
#33 C:\\xampp\\htdocs\\PABW\\TA4\\TemuMakanan\\vendor\\laravel\\framework\\src\\Illuminate\\Foundation\\Http\\Middleware\\TrimStrings.php(51): Illuminate\\Foundation\\Http\\Middleware\\TransformsRequest->handle(Object(Illuminate\\Http\\Request), Object(Closure))
#34 C:\\xampp\\htdocs\\PABW\\TA4\\TemuMakanan\\vendor\\laravel\\framework\\src\\Illuminate\\Pipeline\\Pipeline.php(219): Illuminate\\Foundation\\Http\\Middleware\\TrimStrings->handle(Object(Illuminate\\Http\\Request), Object(Closure))
#35 C:\\xampp\\htdocs\\PABW\\TA4\\TemuMakanan\\vendor\\laravel\\framework\\src\\Illuminate\\Http\\Middleware\\ValidatePostSize.php(27): Illuminate\\Pipeline\\Pipeline->Illuminate\\Pipeline\\{closure}(Object(Illuminate\\Http\\Request))
#36 C:\\xampp\\htdocs\\PABW\\TA4\\TemuMakanan\\vendor\\laravel\\framework\\src\\Illuminate\\Pipeline\\Pipeline.php(219): Illuminate\\Http\\Middleware\\ValidatePostSize->handle(Object(Illuminate\\Http\\Request), Object(Closure))
#37 C:\\xampp\\htdocs\\PABW\\TA4\\TemuMakanan\\vendor\\laravel\\framework\\src\\Illuminate\\Foundation\\Http\\Middleware\\PreventRequestsDuringMaintenance.php(109): Illuminate\\Pipeline\\Pipeline->Illuminate\\Pipeline\\{closure}(Object(Illuminate\\Http\\Request))
#38 C:\\xampp\\htdocs\\PABW\\TA4\\TemuMakanan\\vendor\\laravel\\framework\\src\\Illuminate\\Pipeline\\Pipeline.php(219): Illuminate\\Foundation\\Http\\Middleware\\PreventRequestsDuringMaintenance->handle(Object(Illuminate\\Http\\Request), Object(Closure))
#39 C:\\xampp\\htdocs\\PABW\\TA4\\TemuMakanan\\vendor\\laravel\\framework\\src\\Illuminate\\Http\\Middleware\\HandleCors.php(48): Illuminate\\Pipeline\\Pipeline->Illuminate\\Pipeline\\{closure}(Object(Illuminate\\Http\\Request))
#40 C:\\xampp\\htdocs\\PABW\\TA4\\TemuMakanan\\vendor\\laravel\\framework\\src\\Illuminate\\Pipeline\\Pipeline.php(219): Illuminate\\Http\\Middleware\\HandleCors->handle(Object(Illuminate\\Http\\Request), Object(Closure))
#41 C:\\xampp\\htdocs\\PABW\\TA4\\TemuMakanan\\vendor\\laravel\\framework\\src\\Illuminate\\Http\\Middleware\\TrustProxies.php(58): Illuminate\\Pipeline\\Pipeline->Illuminate\\Pipeline\\{closure}(Object(Illuminate\\Http\\Request))
#42 C:\\xampp\\htdocs\\PABW\\TA4\\TemuMakanan\\vendor\\laravel\\framework\\src\\Illuminate\\Pipeline\\Pipeline.php(219): Illuminate\\Http\\Middleware\\TrustProxies->handle(Object(Illuminate\\Http\\Request), Object(Closure))
#43 C:\\xampp\\htdocs\\PABW\\TA4\\TemuMakanan\\vendor\\laravel\\framework\\src\\Illuminate\\Foundation\\Http\\Middleware\\InvokeDeferredCallbacks.php(22): Illuminate\\Pipeline\\Pipeline->Illuminate\\Pipeline\\{closure}(Object(Illuminate\\Http\\Request))
#44 C:\\xampp\\htdocs\\PABW\\TA4\\TemuMakanan\\vendor\\laravel\\framework\\src\\Illuminate\\Pipeline\\Pipeline.php(219): Illuminate\\Foundation\\Http\\Middleware\\InvokeDeferredCallbacks->handle(Object(Illuminate\\Http\\Request), Object(Closure))
#45 C:\\xampp\\htdocs\\PABW\\TA4\\TemuMakanan\\vendor\\laravel\\framework\\src\\Illuminate\\Http\\Middleware\\ValidatePathEncoding.php(26): Illuminate\\Pipeline\\Pipeline->Illuminate\\Pipeline\\{closure}(Object(Illuminate\\Http\\Request))
#46 C:\\xampp\\htdocs\\PABW\\TA4\\TemuMakanan\\vendor\\laravel\\framework\\src\\Illuminate\\Pipeline\\Pipeline.php(219): Illuminate\\Http\\Middleware\\ValidatePathEncoding->handle(Object(Illuminate\\Http\\Request), Object(Closure))
#47 C:\\xampp\\htdocs\\PABW\\TA4\\TemuMakanan\\vendor\\laravel\\framework\\src\\Illuminate\\Pipeline\\Pipeline.php(137): Illuminate\\Pipeline\\Pipeline->Illuminate\\Pipeline\\{closure}(Object(Illuminate\\Http\\Request))
#48 C:\\xampp\\htdocs\\PABW\\TA4\\TemuMakanan\\vendor\\laravel\\framework\\src\\Illuminate\\Foundation\\Http\\Kernel.php(175): Illuminate\\Pipeline\\Pipeline->then(Object(Closure))
#49 C:\\xampp\\htdocs\\PABW\\TA4\\TemuMakanan\\vendor\\laravel\\framework\\src\\Illuminate\\Foundation\\Http\\Kernel.php(144): Illuminate\\Foundation\\Http\\Kernel->sendRequestThroughRouter(Object(Illuminate\\Http\\Request))
#50 C:\\xampp\\htdocs\\PABW\\TA4\\TemuMakanan\\vendor\\laravel\\framework\\src\\Illuminate\\Foundation\\Application.php(1220): Illuminate\\Foundation\\Http\\Kernel->handle(Object(Illuminate\\Http\\Request))
#51 C:\\xampp\\htdocs\\PABW\\TA4\\TemuMakanan\\public\\index.php(20): Illuminate\\Foundation\\Application->handleRequest(Object(Illuminate\\Http\\Request))
#52 C:\\xampp\\htdocs\\PABW\\TA4\\TemuMakanan\\vendor\\laravel\\framework\\src\\Illuminate\\Foundation\\resources\\server.php(23): require_once('C:\\\\xampp\\\\htdocs...')
#53 {main}

[previous exception] [object] (ReflectionException(code: -1): Class \"App\\Http\\Controllers\\BookingController\" does not exist at C:\\xampp\\htdocs\\PABW\\TA4\\TemuMakanan\\vendor\\laravel\\framework\\src\\Illuminate\\Container\\Container.php:1161)
[stacktrace]
#0 C:\\xampp\\htdocs\\PABW\\TA4\\TemuMakanan\\vendor\\laravel\\framework\\src\\Illuminate\\Container\\Container.php(1161): ReflectionClass->__construct('App\\\\Http\\\\Contro...')
#1 C:\\xampp\\htdocs\\PABW\\TA4\\TemuMakanan\\vendor\\laravel\\framework\\src\\Illuminate\\Container\\Container.php(972): Illuminate\\Container\\Container->build('App\\\\Http\\\\Contro...')
#2 C:\\xampp\\htdocs\\PABW\\TA4\\TemuMakanan\\vendor\\laravel\\framework\\src\\Illuminate\\Foundation\\Application.php(1078): Illuminate\\Container\\Container->resolve('App\\\\Http\\\\Contro...', Array, true)
#3 C:\\xampp\\htdocs\\PABW\\TA4\\TemuMakanan\\vendor\\laravel\\framework\\src\\Illuminate\\Container\\Container.php(903): Illuminate\\Foundation\\Application->resolve('App\\\\Http\\\\Contro...', Array)
#4 C:\\xampp\\htdocs\\PABW\\TA4\\TemuMakanan\\vendor\\laravel\\framework\\src\\Illuminate\\Foundation\\Application.php(1058): Illuminate\\Container\\Container->make('App\\\\Http\\\\Contro...', Array)
#5 C:\\xampp\\htdocs\\PABW\\TA4\\TemuMakanan\\vendor\\laravel\\framework\\src\\Illuminate\\Routing\\Route.php(286): Illuminate\\Foundation\\Application->make('App\\\\Http\\\\Contro...')
#6 C:\\xampp\\htdocs\\PABW\\TA4\\TemuMakanan\\vendor\\laravel\\framework\\src\\Illuminate\\Routing\\Route.php(266): Illuminate\\Routing\\Route->getController()
#7 C:\\xampp\\htdocs\\PABW\\TA4\\TemuMakanan\\vendor\\laravel\\framework\\src\\Illuminate\\Routing\\Route.php(211): Illuminate\\Routing\\Route->runController()
#8 C:\\xampp\\htdocs\\PABW\\TA4\\TemuMakanan\\vendor\\laravel\\framework\\src\\Illuminate\\Routing\\Router.php(822): Illuminate\\Routing\\Route->run()
#9 C:\\xampp\\htdocs\\PABW\\TA4\\TemuMakanan\\vendor\\laravel\\framework\\src\\Illuminate\\Pipeline\\Pipeline.php(180): Illuminate\\Routing\\Router->Illuminate\\Routing\\{closure}(Object(Illuminate\\Http\\Request))
#10 C:\\xampp\\htdocs\\PABW\\TA4\\TemuMakanan\\vendor\\laravel\\framework\\src\\Illuminate\\Routing\\Middleware\\SubstituteBindings.php(50): Illuminate\\Pipeline\\Pipeline->Illuminate\\Pipeline\\{closure}(Object(Illuminate\\Http\\Request))
#11 C:\\xampp\\htdocs\\PABW\\TA4\\TemuMakanan\\vendor\\laravel\\framework\\src\\Illuminate\\Pipeline\\Pipeline.php(219): Illuminate\\Routing\\Middleware\\SubstituteBindings->handle(Object(Illuminate\\Http\\Request), Object(Closure))
#12 C:\\xampp\\htdocs\\PABW\\TA4\\TemuMakanan\\vendor\\laravel\\framework\\src\\Illuminate\\Foundation\\Http\\Middleware\\VerifyCsrfToken.php(87): Illuminate\\Pipeline\\Pipeline->Illuminate\\Pipeline\\{closure}(Object(Illuminate\\Http\\Request))
#13 C:\\xampp\\htdocs\\PABW\\TA4\\TemuMakanan\\vendor\\laravel\\framework\\src\\Illuminate\\Pipeline\\Pipeline.php(219): Illuminate\\Foundation\\Http\\Middleware\\VerifyCsrfToken->handle(Object(Illuminate\\Http\\Request), Object(Closure))
#14 C:\\xampp\\htdocs\\PABW\\TA4\\TemuMakanan\\vendor\\laravel\\framework\\src\\Illuminate\\View\\Middleware\\ShareErrorsFromSession.php(48): Illuminate\\Pipeline\\Pipeline->Illuminate\\Pipeline\\{closure}(Object(Illuminate\\Http\\Request))
#15 C:\\xampp\\htdocs\\PABW\\TA4\\TemuMakanan\\vendor\\laravel\\framework\\src\\Illuminate\\Pipeline\\Pipeline.php(219): Illuminate\\View\\Middleware\\ShareErrorsFromSession->handle(Object(Illuminate\\Http\\Request), Object(Closure))
#16 C:\\xampp\\htdocs\\PABW\\TA4\\TemuMakanan\\vendor\\laravel\\framework\\src\\Illuminate\\Session\\Middleware\\StartSession.php(120): Illuminate\\Pipeline\\Pipeline->Illuminate\\Pipeline\\{closure}(Object(Illuminate\\Http\\Request))
#17 C:\\xampp\\htdocs\\PABW\\TA4\\TemuMakanan\\vendor\\laravel\\framework\\src\\Illuminate\\Session\\Middleware\\StartSession.php(63): Illuminate\\Session\\Middleware\\StartSession->handleStatefulRequest(Object(Illuminate\\Http\\Request), Object(Illuminate\\Session\\Store), Object(Closure))
#18 C:\\xampp\\htdocs\\PABW\\TA4\\TemuMakanan\\vendor\\laravel\\framework\\src\\Illuminate\\Pipeline\\Pipeline.php(219): Illuminate\\Session\\Middleware\\StartSession->handle(Object(Illuminate\\Http\\Request), Object(Closure))
#19 C:\\xampp\\htdocs\\PABW\\TA4\\TemuMakanan\\vendor\\laravel\\framework\\src\\Illuminate\\Cookie\\Middleware\\AddQueuedCookiesToResponse.php(36): Illuminate\\Pipeline\\Pipeline->Illuminate\\Pipeline\\{closure}(Object(Illuminate\\Http\\Request))
#20 C:\\xampp\\htdocs\\PABW\\TA4\\TemuMakanan\\vendor\\laravel\\framework\\src\\Illuminate\\Pipeline\\Pipeline.php(219): Illuminate\\Cookie\\Middleware\\AddQueuedCookiesToResponse->handle(Object(Illuminate\\Http\\Request), Object(Closure))
#21 C:\\xampp\\htdocs\\PABW\\TA4\\TemuMakanan\\vendor\\laravel\\framework\\src\\Illuminate\\Cookie\\Middleware\\EncryptCookies.php(74): Illuminate\\Pipeline\\Pipeline->Illuminate\\Pipeline\\{closure}(Object(Illuminate\\Http\\Request))
#22 C:\\xampp\\htdocs\\PABW\\TA4\\TemuMakanan\\vendor\\laravel\\framework\\src\\Illuminate\\Pipeline\\Pipeline.php(219): Illuminate\\Cookie\\Middleware\\EncryptCookies->handle(Object(Illuminate\\Http\\Request), Object(Closure))
#23 C:\\xampp\\htdocs\\PABW\\TA4\\TemuMakanan\\vendor\\laravel\\framework\\src\\Illuminate\\Pipeline\\Pipeline.php(137): Illuminate\\Pipeline\\Pipeline->Illuminate\\Pipeline\\{closure}(Object(Illuminate\\Http\\Request))
#24 C:\\xampp\\htdocs\\PABW\\TA4\\TemuMakanan\\vendor\\laravel\\framework\\src\\Illuminate\\Routing\\Router.php(821): Illuminate\\Pipeline\\Pipeline->then(Object(Closure))
#25 C:\\xampp\\htdocs\\PABW\\TA4\\TemuMakanan\\vendor\\laravel\\framework\\src\\Illuminate\\Routing\\Router.php(800): Illuminate\\Routing\\Router->runRouteWithinStack(Object(Illuminate\\Routing\\Route), Object(Illuminate\\Http\\Request))
#26 C:\\xampp\\htdocs\\PABW\\TA4\\TemuMakanan\\vendor\\laravel\\framework\\src\\Illuminate\\Routing\\Router.php(764): Illuminate\\Routing\\Router->runRoute(Object(Illuminate\\Http\\Request), Object(Illuminate\\Routing\\Route))
#27 C:\\xampp\\htdocs\\PABW\\TA4\\TemuMakanan\\vendor\\laravel\\framework\\src\\Illuminate\\Routing\\Router.php(753): Illuminate\\Routing\\Router->dispatchToRoute(Object(Illuminate\\Http\\Request))
#28 C:\\xampp\\htdocs\\PABW\\TA4\\TemuMakanan\\vendor\\laravel\\framework\\src\\Illuminate\\Foundation\\Http\\Kernel.php(200): Illuminate\\Routing\\Router->dispatch(Object(Illuminate\\Http\\Request))
#29 C:\\xampp\\htdocs\\PABW\\TA4\\TemuMakanan\\vendor\\laravel\\framework\\src\\Illuminate\\Pipeline\\Pipeline.php(180): Illuminate\\Foundation\\Http\\Kernel->Illuminate\\Foundation\\Http\\{closure}(Object(Illuminate\\Http\\Request))
#30 C:\\xampp\\htdocs\\PABW\\TA4\\TemuMakanan\\vendor\\laravel\\framework\\src\\Illuminate\\Foundation\\Http\\Middleware\\TransformsRequest.php(21): Illuminate\\Pipeline\\Pipeline->Illuminate\\Pipeline\\{closure}(Object(Illuminate\\Http\\Request))
#31 C:\\xampp\\htdocs\\PABW\\TA4\\TemuMakanan\\vendor\\laravel\\framework\\src\\Illuminate\\Foundation\\Http\\Middleware\\ConvertEmptyStringsToNull.php(31): Illuminate\\Foundation\\Http\\Middleware\\TransformsRequest->handle(Object(Illuminate\\Http\\Request), Object(Closure))
#32 C:\\xampp\\htdocs\\PABW\\TA4\\TemuMakanan\\vendor\\laravel\\framework\\src\\Illuminate\\Pipeline\\Pipeline.php(219): Illuminate\\Foundation\\Http\\Middleware\\ConvertEmptyStringsToNull->handle(Object(Illuminate\\Http\\Request), Object(Closure))
#33 C:\\xampp\\htdocs\\PABW\\TA4\\TemuMakanan\\vendor\\laravel\\framework\\src\\Illuminate\\Foundation\\Http\\Middleware\\TransformsRequest.php(21): Illuminate\\Pipeline\\Pipeline->Illuminate\\Pipeline\\{closure}(Object(Illuminate\\Http\\Request))
#34 C:\\xampp\\htdocs\\PABW\\TA4\\TemuMakanan\\vendor\\laravel\\framework\\src\\Illuminate\\Foundation\\Http\\Middleware\\TrimStrings.php(51): Illuminate\\Foundation\\Http\\Middleware\\TransformsRequest->handle(Object(Illuminate\\Http\\Request), Object(Closure))
#35 C:\\xampp\\htdocs\\PABW\\TA4\\TemuMakanan\\vendor\\laravel\\framework\\src\\Illuminate\\Pipeline\\Pipeline.php(219): Illuminate\\Foundation\\Http\\Middleware\\TrimStrings->handle(Object(Illuminate\\Http\\Request), Object(Closure))
#36 C:\\xampp\\htdocs\\PABW\\TA4\\TemuMakanan\\vendor\\laravel\\framework\\src\\Illuminate\\Http\\Middleware\\ValidatePostSize.php(27): Illuminate\\Pipeline\\Pipeline->Illuminate\\Pipeline\\{closure}(Object(Illuminate\\Http\\Request))
#37 C:\\xampp\\htdocs\\PABW\\TA4\\TemuMakanan\\vendor\\laravel\\framework\\src\\Illuminate\\Pipeline\\Pipeline.php(219): Illuminate\\Http\\Middleware\\ValidatePostSize->handle(Object(Illuminate\\Http\\Request), Object(Closure))
#38 C:\\xampp\\htdocs\\PABW\\TA4\\TemuMakanan\\vendor\\laravel\\framework\\src\\Illuminate\\Foundation\\Http\\Middleware\\PreventRequestsDuringMaintenance.php(109): Illuminate\\Pipeline\\Pipeline->Illuminate\\Pipeline\\{closure}(Object(Illuminate\\Http\\Request))
#39 C:\\xampp\\htdocs\\PABW\\TA4\\TemuMakanan\\vendor\\laravel\\framework\\src\\Illuminate\\Pipeline\\Pipeline.php(219): Illuminate\\Foundation\\Http\\Middleware\\PreventRequestsDuringMaintenance->handle(Object(Illuminate\\Http\\Request), Object(Closure))
#40 C:\\xampp\\htdocs\\PABW\\TA4\\TemuMakanan\\vendor\\laravel\\framework\\src\\Illuminate\\Http\\Middleware\\HandleCors.php(48): Illuminate\\Pipeline\\Pipeline->Illuminate\\Pipeline\\{closure}(Object(Illuminate\\Http\\Request))
#41 C:\\xampp\\htdocs\\PABW\\TA4\\TemuMakanan\\vendor\\laravel\\framework\\src\\Illuminate\\Pipeline\\Pipeline.php(219): Illuminate\\Http\\Middleware\\HandleCors->handle(Object(Illuminate\\Http\\Request), Object(Closure))
#42 C:\\xampp\\htdocs\\PABW\\TA4\\TemuMakanan\\vendor\\laravel\\framework\\src\\Illuminate\\Http\\Middleware\\TrustProxies.php(58): Illuminate\\Pipeline\\Pipeline->Illuminate\\Pipeline\\{closure}(Object(Illuminate\\Http\\Request))
#43 C:\\xampp\\htdocs\\PABW\\TA4\\TemuMakanan\\vendor\\laravel\\framework\\src\\Illuminate\\Pipeline\\Pipeline.php(219): Illuminate\\Http\\Middleware\\TrustProxies->handle(Object(Illuminate\\Http\\Request), Object(Closure))
#44 C:\\xampp\\htdocs\\PABW\\TA4\\TemuMakanan\\vendor\\laravel\\framework\\src\\Illuminate\\Foundation\\Http\\Middleware\\InvokeDeferredCallbacks.php(22): Illuminate\\Pipeline\\Pipeline->Illuminate\\Pipeline\\{closure}(Object(Illuminate\\Http\\Request))
#45 C:\\xampp\\htdocs\\PABW\\TA4\\TemuMakanan\\vendor\\laravel\\framework\\src\\Illuminate\\Pipeline\\Pipeline.php(219): Illuminate\\Foundation\\Http\\Middleware\\InvokeDeferredCallbacks->handle(Object(Illuminate\\Http\\Request), Object(Closure))
#46 C:\\xampp\\htdocs\\PABW\\TA4\\TemuMakanan\\vendor\\laravel\\framework\\src\\Illuminate\\Http\\Middleware\\ValidatePathEncoding.php(26): Illuminate\\Pipeline\\Pipeline->Illuminate\\Pipeline\\{closure}(Object(Illuminate\\Http\\Request))
#47 C:\\xampp\\htdocs\\PABW\\TA4\\TemuMakanan\\vendor\\laravel\\framework\\src\\Illuminate\\Pipeline\\Pipeline.php(219): Illuminate\\Http\\Middleware\\ValidatePathEncoding->handle(Object(Illuminate\\Http\\Request), Object(Closure))
#48 C:\\xampp\\htdocs\\PABW\\TA4\\TemuMakanan\\vendor\\laravel\\framework\\src\\Illuminate\\Pipeline\\Pipeline.php(137): Illuminate\\Pipeline\\Pipeline->Illuminate\\Pipeline\\{closure}(Object(Illuminate\\Http\\Request))
#49 C:\\xampp\\htdocs\\PABW\\TA4\\TemuMakanan\\vendor\\laravel\\framework\\src\\Illuminate\\Foundation\\Http\\Kernel.php(175): Illuminate\\Pipeline\\Pipeline->then(Object(Closure))
#50 C:\\xampp\\htdocs\\PABW\\TA4\\TemuMakanan\\vendor\\laravel\\framework\\src\\Illuminate\\Foundation\\Http\\Kernel.php(144): Illuminate\\Foundation\\Http\\Kernel->sendRequestThroughRouter(Object(Illuminate\\Http\\Request))
#51 C:\\xampp\\htdocs\\PABW\\TA4\\TemuMakanan\\vendor\\laravel\\framework\\src\\Illuminate\\Foundation\\Application.php(1220): Illuminate\\Foundation\\Http\\Kernel->handle(Object(Illuminate\\Http\\Request))
#52 C:\\xampp\\htdocs\\PABW\\TA4\\TemuMakanan\\public\\index.php(20): Illuminate\\Foundation\\Application->handleRequest(Object(Illuminate\\Http\\Request))
#53 C:\\xampp\\htdocs\\PABW\\TA4\\TemuMakanan\\vendor\\laravel\\framework\\src\\Illuminate\\Foundation\\resources\\server.php(23): require_once('C:\\\\xampp\\\\htdocs...')
#54 {main}
"} 
[2025-10-14 19:29:05] local.ERROR: Target class [App\Http\Controllers\BookingController] does not exist. {"exception":"[object] (Illuminate\\Contracts\\Container\\BindingResolutionException(code: 0): Target class [App\\Http\\Controllers\\BookingController] does not exist. at C:\\xampp\\htdocs\\PABW\\TA4\\TemuMakanan\\vendor\\laravel\\framework\\src\\Illuminate\\Container\\Container.php:1163)
[stacktrace]
#0 C:\\xampp\\htdocs\\PABW\\TA4\\TemuMakanan\\vendor\\laravel\\framework\\src\\Illuminate\\Container\\Container.php(972): Illuminate\\Container\\Container->build('App\\\\Http\\\\Contro...')
#1 C:\\xampp\\htdocs\\PABW\\TA4\\TemuMakanan\\vendor\\laravel\\framework\\src\\Illuminate\\Foundation\\Application.php(1078): Illuminate\\Container\\Container->resolve('App\\\\Http\\\\Contro...', Array, true)
#2 C:\\xampp\\htdocs\\PABW\\TA4\\TemuMakanan\\vendor\\laravel\\framework\\src\\Illuminate\\Container\\Container.php(903): Illuminate\\Foundation\\Application->resolve('App\\\\Http\\\\Contro...', Array)
#3 C:\\xampp\\htdocs\\PABW\\TA4\\TemuMakanan\\vendor\\laravel\\framework\\src\\Illuminate\\Foundation\\Application.php(1058): Illuminate\\Container\\Container->make('App\\\\Http\\\\Contro...', Array)
#4 C:\\xampp\\htdocs\\PABW\\TA4\\TemuMakanan\\vendor\\laravel\\framework\\src\\Illuminate\\Routing\\Route.php(286): Illuminate\\Foundation\\Application->make('App\\\\Http\\\\Contro...')
#5 C:\\xampp\\htdocs\\PABW\\TA4\\TemuMakanan\\vendor\\laravel\\framework\\src\\Illuminate\\Routing\\Route.php(266): Illuminate\\Routing\\Route->getController()
#6 C:\\xampp\\htdocs\\PABW\\TA4\\TemuMakanan\\vendor\\laravel\\framework\\src\\Illuminate\\Routing\\Route.php(211): Illuminate\\Routing\\Route->runController()
#7 C:\\xampp\\htdocs\\PABW\\TA4\\TemuMakanan\\vendor\\laravel\\framework\\src\\Illuminate\\Routing\\Router.php(822): Illuminate\\Routing\\Route->run()
#8 C:\\xampp\\htdocs\\PABW\\TA4\\TemuMakanan\\vendor\\laravel\\framework\\src\\Illuminate\\Pipeline\\Pipeline.php(180): Illuminate\\Routing\\Router->Illuminate\\Routing\\{closure}(Object(Illuminate\\Http\\Request))
#9 C:\\xampp\\htdocs\\PABW\\TA4\\TemuMakanan\\vendor\\laravel\\framework\\src\\Illuminate\\Routing\\Middleware\\SubstituteBindings.php(50): Illuminate\\Pipeline\\Pipeline->Illuminate\\Pipeline\\{closure}(Object(Illuminate\\Http\\Request))
#10 C:\\xampp\\htdocs\\PABW\\TA4\\TemuMakanan\\vendor\\laravel\\framework\\src\\Illuminate\\Pipeline\\Pipeline.php(219): Illuminate\\Routing\\Middleware\\SubstituteBindings->handle(Object(Illuminate\\Http\\Request), Object(Closure))
#11 C:\\xampp\\htdocs\\PABW\\TA4\\TemuMakanan\\vendor\\laravel\\framework\\src\\Illuminate\\Foundation\\Http\\Middleware\\VerifyCsrfToken.php(87): Illuminate\\Pipeline\\Pipeline->Illuminate\\Pipeline\\{closure}(Object(Illuminate\\Http\\Request))
#12 C:\\xampp\\htdocs\\PABW\\TA4\\TemuMakanan\\vendor\\laravel\\framework\\src\\Illuminate\\Pipeline\\Pipeline.php(219): Illuminate\\Foundation\\Http\\Middleware\\VerifyCsrfToken->handle(Object(Illuminate\\Http\\Request), Object(Closure))
#13 C:\\xampp\\htdocs\\PABW\\TA4\\TemuMakanan\\vendor\\laravel\\framework\\src\\Illuminate\\View\\Middleware\\ShareErrorsFromSession.php(48): Illuminate\\Pipeline\\Pipeline->Illuminate\\Pipeline\\{closure}(Object(Illuminate\\Http\\Request))
#14 C:\\xampp\\htdocs\\PABW\\TA4\\TemuMakanan\\vendor\\laravel\\framework\\src\\Illuminate\\Pipeline\\Pipeline.php(219): Illuminate\\View\\Middleware\\ShareErrorsFromSession->handle(Object(Illuminate\\Http\\Request), Object(Closure))
#15 C:\\xampp\\htdocs\\PABW\\TA4\\TemuMakanan\\vendor\\laravel\\framework\\src\\Illuminate\\Session\\Middleware\\StartSession.php(120): Illuminate\\Pipeline\\Pipeline->Illuminate\\Pipeline\\{closure}(Object(Illuminate\\Http\\Request))
#16 C:\\xampp\\htdocs\\PABW\\TA4\\TemuMakanan\\vendor\\laravel\\framework\\src\\Illuminate\\Session\\Middleware\\StartSession.php(63): Illuminate\\Session\\Middleware\\StartSession->handleStatefulRequest(Object(Illuminate\\Http\\Request), Object(Illuminate\\Session\\Store), Object(Closure))
#17 C:\\xampp\\htdocs\\PABW\\TA4\\TemuMakanan\\vendor\\laravel\\framework\\src\\Illuminate\\Pipeline\\Pipeline.php(219): Illuminate\\Session\\Middleware\\StartSession->handle(Object(Illuminate\\Http\\Request), Object(Closure))
#18 C:\\xampp\\htdocs\\PABW\\TA4\\TemuMakanan\\vendor\\laravel\\framework\\src\\Illuminate\\Cookie\\Middleware\\AddQueuedCookiesToResponse.php(36): Illuminate\\Pipeline\\Pipeline->Illuminate\\Pipeline\\{closure}(Object(Illuminate\\Http\\Request))
#19 C:\\xampp\\htdocs\\PABW\\TA4\\TemuMakanan\\vendor\\laravel\\framework\\src\\Illuminate\\Pipeline\\Pipeline.php(219): Illuminate\\Cookie\\Middleware\\AddQueuedCookiesToResponse->handle(Object(Illuminate\\Http\\Request), Object(Closure))
#20 C:\\xampp\\htdocs\\PABW\\TA4\\TemuMakanan\\vendor\\laravel\\framework\\src\\Illuminate\\Cookie\\Middleware\\EncryptCookies.php(74): Illuminate\\Pipeline\\Pipeline->Illuminate\\Pipeline\\{closure}(Object(Illuminate\\Http\\Request))
#21 C:\\xampp\\htdocs\\PABW\\TA4\\TemuMakanan\\vendor\\laravel\\framework\\src\\Illuminate\\Pipeline\\Pipeline.php(219): Illuminate\\Cookie\\Middleware\\EncryptCookies->handle(Object(Illuminate\\Http\\Request), Object(Closure))
#22 C:\\xampp\\htdocs\\PABW\\TA4\\TemuMakanan\\vendor\\laravel\\framework\\src\\Illuminate\\Pipeline\\Pipeline.php(137): Illuminate\\Pipeline\\Pipeline->Illuminate\\Pipeline\\{closure}(Object(Illuminate\\Http\\Request))
#23 C:\\xampp\\htdocs\\PABW\\TA4\\TemuMakanan\\vendor\\laravel\\framework\\src\\Illuminate\\Routing\\Router.php(821): Illuminate\\Pipeline\\Pipeline->then(Object(Closure))
#24 C:\\xampp\\htdocs\\PABW\\TA4\\TemuMakanan\\vendor\\laravel\\framework\\src\\Illuminate\\Routing\\Router.php(800): Illuminate\\Routing\\Router->runRouteWithinStack(Object(Illuminate\\Routing\\Route), Object(Illuminate\\Http\\Request))
#25 C:\\xampp\\htdocs\\PABW\\TA4\\TemuMakanan\\vendor\\laravel\\framework\\src\\Illuminate\\Routing\\Router.php(764): Illuminate\\Routing\\Router->runRoute(Object(Illuminate\\Http\\Request), Object(Illuminate\\Routing\\Route))
#26 C:\\xampp\\htdocs\\PABW\\TA4\\TemuMakanan\\vendor\\laravel\\framework\\src\\Illuminate\\Routing\\Router.php(753): Illuminate\\Routing\\Router->dispatchToRoute(Object(Illuminate\\Http\\Request))
#27 C:\\xampp\\htdocs\\PABW\\TA4\\TemuMakanan\\vendor\\laravel\\framework\\src\\Illuminate\\Foundation\\Http\\Kernel.php(200): Illuminate\\Routing\\Router->dispatch(Object(Illuminate\\Http\\Request))
#28 C:\\xampp\\htdocs\\PABW\\TA4\\TemuMakanan\\vendor\\laravel\\framework\\src\\Illuminate\\Pipeline\\Pipeline.php(180): Illuminate\\Foundation\\Http\\Kernel->Illuminate\\Foundation\\Http\\{closure}(Object(Illuminate\\Http\\Request))
#29 C:\\xampp\\htdocs\\PABW\\TA4\\TemuMakanan\\vendor\\laravel\\framework\\src\\Illuminate\\Foundation\\Http\\Middleware\\TransformsRequest.php(21): Illuminate\\Pipeline\\Pipeline->Illuminate\\Pipeline\\{closure}(Object(Illuminate\\Http\\Request))
#30 C:\\xampp\\htdocs\\PABW\\TA4\\TemuMakanan\\vendor\\laravel\\framework\\src\\Illuminate\\Foundation\\Http\\Middleware\\ConvertEmptyStringsToNull.php(31): Illuminate\\Foundation\\Http\\Middleware\\TransformsRequest->handle(Object(Illuminate\\Http\\Request), Object(Closure))
#31 C:\\xampp\\htdocs\\PABW\\TA4\\TemuMakanan\\vendor\\laravel\\framework\\src\\Illuminate\\Pipeline\\Pipeline.php(219): Illuminate\\Foundation\\Http\\Middleware\\ConvertEmptyStringsToNull->handle(Object(Illuminate\\Http\\Request), Object(Closure))
#32 C:\\xampp\\htdocs\\PABW\\TA4\\TemuMakanan\\vendor\\laravel\\framework\\src\\Illuminate\\Foundation\\Http\\Middleware\\TransformsRequest.php(21): Illuminate\\Pipeline\\Pipeline->Illuminate\\Pipeline\\{closure}(Object(Illuminate\\Http\\Request))
#33 C:\\xampp\\htdocs\\PABW\\TA4\\TemuMakanan\\vendor\\laravel\\framework\\src\\Illuminate\\Foundation\\Http\\Middleware\\TrimStrings.php(51): Illuminate\\Foundation\\Http\\Middleware\\TransformsRequest->handle(Object(Illuminate\\Http\\Request), Object(Closure))
#34 C:\\xampp\\htdocs\\PABW\\TA4\\TemuMakanan\\vendor\\laravel\\framework\\src\\Illuminate\\Pipeline\\Pipeline.php(219): Illuminate\\Foundation\\Http\\Middleware\\TrimStrings->handle(Object(Illuminate\\Http\\Request), Object(Closure))
#35 C:\\xampp\\htdocs\\PABW\\TA4\\TemuMakanan\\vendor\\laravel\\framework\\src\\Illuminate\\Http\\Middleware\\ValidatePostSize.php(27): Illuminate\\Pipeline\\Pipeline->Illuminate\\Pipeline\\{closure}(Object(Illuminate\\Http\\Request))
#36 C:\\xampp\\htdocs\\PABW\\TA4\\TemuMakanan\\vendor\\laravel\\framework\\src\\Illuminate\\Pipeline\\Pipeline.php(219): Illuminate\\Http\\Middleware\\ValidatePostSize->handle(Object(Illuminate\\Http\\Request), Object(Closure))
#37 C:\\xampp\\htdocs\\PABW\\TA4\\TemuMakanan\\vendor\\laravel\\framework\\src\\Illuminate\\Foundation\\Http\\Middleware\\PreventRequestsDuringMaintenance.php(109): Illuminate\\Pipeline\\Pipeline->Illuminate\\Pipeline\\{closure}(Object(Illuminate\\Http\\Request))
#38 C:\\xampp\\htdocs\\PABW\\TA4\\TemuMakanan\\vendor\\laravel\\framework\\src\\Illuminate\\Pipeline\\Pipeline.php(219): Illuminate\\Foundation\\Http\\Middleware\\PreventRequestsDuringMaintenance->handle(Object(Illuminate\\Http\\Request), Object(Closure))
#39 C:\\xampp\\htdocs\\PABW\\TA4\\TemuMakanan\\vendor\\laravel\\framework\\src\\Illuminate\\Http\\Middleware\\HandleCors.php(48): Illuminate\\Pipeline\\Pipeline->Illuminate\\Pipeline\\{closure}(Object(Illuminate\\Http\\Request))
#40 C:\\xampp\\htdocs\\PABW\\TA4\\TemuMakanan\\vendor\\laravel\\framework\\src\\Illuminate\\Pipeline\\Pipeline.php(219): Illuminate\\Http\\Middleware\\HandleCors->handle(Object(Illuminate\\Http\\Request), Object(Closure))
#41 C:\\xampp\\htdocs\\PABW\\TA4\\TemuMakanan\\vendor\\laravel\\framework\\src\\Illuminate\\Http\\Middleware\\TrustProxies.php(58): Illuminate\\Pipeline\\Pipeline->Illuminate\\Pipeline\\{closure}(Object(Illuminate\\Http\\Request))
#42 C:\\xampp\\htdocs\\PABW\\TA4\\TemuMakanan\\vendor\\laravel\\framework\\src\\Illuminate\\Pipeline\\Pipeline.php(219): Illuminate\\Http\\Middleware\\TrustProxies->handle(Object(Illuminate\\Http\\Request), Object(Closure))
#43 C:\\xampp\\htdocs\\PABW\\TA4\\TemuMakanan\\vendor\\laravel\\framework\\src\\Illuminate\\Foundation\\Http\\Middleware\\InvokeDeferredCallbacks.php(22): Illuminate\\Pipeline\\Pipeline->Illuminate\\Pipeline\\{closure}(Object(Illuminate\\Http\\Request))
#44 C:\\xampp\\htdocs\\PABW\\TA4\\TemuMakanan\\vendor\\laravel\\framework\\src\\Illuminate\\Pipeline\\Pipeline.php(219): Illuminate\\Foundation\\Http\\Middleware\\InvokeDeferredCallbacks->handle(Object(Illuminate\\Http\\Request), Object(Closure))
#45 C:\\xampp\\htdocs\\PABW\\TA4\\TemuMakanan\\vendor\\laravel\\framework\\src\\Illuminate\\Http\\Middleware\\ValidatePathEncoding.php(26): Illuminate\\Pipeline\\Pipeline->Illuminate\\Pipeline\\{closure}(Object(Illuminate\\Http\\Request))
#46 C:\\xampp\\htdocs\\PABW\\TA4\\TemuMakanan\\vendor\\laravel\\framework\\src\\Illuminate\\Pipeline\\Pipeline.php(219): Illuminate\\Http\\Middleware\\ValidatePathEncoding->handle(Object(Illuminate\\Http\\Request), Object(Closure))
#47 C:\\xampp\\htdocs\\PABW\\TA4\\TemuMakanan\\vendor\\laravel\\framework\\src\\Illuminate\\Pipeline\\Pipeline.php(137): Illuminate\\Pipeline\\Pipeline->Illuminate\\Pipeline\\{closure}(Object(Illuminate\\Http\\Request))
#48 C:\\xampp\\htdocs\\PABW\\TA4\\TemuMakanan\\vendor\\laravel\\framework\\src\\Illuminate\\Foundation\\Http\\Kernel.php(175): Illuminate\\Pipeline\\Pipeline->then(Object(Closure))
#49 C:\\xampp\\htdocs\\PABW\\TA4\\TemuMakanan\\vendor\\laravel\\framework\\src\\Illuminate\\Foundation\\Http\\Kernel.php(144): Illuminate\\Foundation\\Http\\Kernel->sendRequestThroughRouter(Object(Illuminate\\Http\\Request))
#50 C:\\xampp\\htdocs\\PABW\\TA4\\TemuMakanan\\vendor\\laravel\\framework\\src\\Illuminate\\Foundation\\Application.php(1220): Illuminate\\Foundation\\Http\\Kernel->handle(Object(Illuminate\\Http\\Request))
#51 C:\\xampp\\htdocs\\PABW\\TA4\\TemuMakanan\\public\\index.php(20): Illuminate\\Foundation\\Application->handleRequest(Object(Illuminate\\Http\\Request))
#52 C:\\xampp\\htdocs\\PABW\\TA4\\TemuMakanan\\vendor\\laravel\\framework\\src\\Illuminate\\Foundation\\resources\\server.php(23): require_once('C:\\\\xampp\\\\htdocs...')
#53 {main}

[previous exception] [object] (ReflectionException(code: -1): Class \"App\\Http\\Controllers\\BookingController\" does not exist at C:\\xampp\\htdocs\\PABW\\TA4\\TemuMakanan\\vendor\\laravel\\framework\\src\\Illuminate\\Container\\Container.php:1161)
[stacktrace]
#0 C:\\xampp\\htdocs\\PABW\\TA4\\TemuMakanan\\vendor\\laravel\\framework\\src\\Illuminate\\Container\\Container.php(1161): ReflectionClass->__construct('App\\\\Http\\\\Contro...')
#1 C:\\xampp\\htdocs\\PABW\\TA4\\TemuMakanan\\vendor\\laravel\\framework\\src\\Illuminate\\Container\\Container.php(972): Illuminate\\Container\\Container->build('App\\\\Http\\\\Contro...')
#2 C:\\xampp\\htdocs\\PABW\\TA4\\TemuMakanan\\vendor\\laravel\\framework\\src\\Illuminate\\Foundation\\Application.php(1078): Illuminate\\Container\\Container->resolve('App\\\\Http\\\\Contro...', Array, true)
#3 C:\\xampp\\htdocs\\PABW\\TA4\\TemuMakanan\\vendor\\laravel\\framework\\src\\Illuminate\\Container\\Container.php(903): Illuminate\\Foundation\\Application->resolve('App\\\\Http\\\\Contro...', Array)
#4 C:\\xampp\\htdocs\\PABW\\TA4\\TemuMakanan\\vendor\\laravel\\framework\\src\\Illuminate\\Foundation\\Application.php(1058): Illuminate\\Container\\Container->make('App\\\\Http\\\\Contro...', Array)
#5 C:\\xampp\\htdocs\\PABW\\TA4\\TemuMakanan\\vendor\\laravel\\framework\\src\\Illuminate\\Routing\\Route.php(286): Illuminate\\Foundation\\Application->make('App\\\\Http\\\\Contro...')
#6 C:\\xampp\\htdocs\\PABW\\TA4\\TemuMakanan\\vendor\\laravel\\framework\\src\\Illuminate\\Routing\\Route.php(266): Illuminate\\Routing\\Route->getController()
#7 C:\\xampp\\htdocs\\PABW\\TA4\\TemuMakanan\\vendor\\laravel\\framework\\src\\Illuminate\\Routing\\Route.php(211): Illuminate\\Routing\\Route->runController()
#8 C:\\xampp\\htdocs\\PABW\\TA4\\TemuMakanan\\vendor\\laravel\\framework\\src\\Illuminate\\Routing\\Router.php(822): Illuminate\\Routing\\Route->run()
#9 C:\\xampp\\htdocs\\PABW\\TA4\\TemuMakanan\\vendor\\laravel\\framework\\src\\Illuminate\\Pipeline\\Pipeline.php(180): Illuminate\\Routing\\Router->Illuminate\\Routing\\{closure}(Object(Illuminate\\Http\\Request))
#10 C:\\xampp\\htdocs\\PABW\\TA4\\TemuMakanan\\vendor\\laravel\\framework\\src\\Illuminate\\Routing\\Middleware\\SubstituteBindings.php(50): Illuminate\\Pipeline\\Pipeline->Illuminate\\Pipeline\\{closure}(Object(Illuminate\\Http\\Request))
#11 C:\\xampp\\htdocs\\PABW\\TA4\\TemuMakanan\\vendor\\laravel\\framework\\src\\Illuminate\\Pipeline\\Pipeline.php(219): Illuminate\\Routing\\Middleware\\SubstituteBindings->handle(Object(Illuminate\\Http\\Request), Object(Closure))
#12 C:\\xampp\\htdocs\\PABW\\TA4\\TemuMakanan\\vendor\\laravel\\framework\\src\\Illuminate\\Foundation\\Http\\Middleware\\VerifyCsrfToken.php(87): Illuminate\\Pipeline\\Pipeline->Illuminate\\Pipeline\\{closure}(Object(Illuminate\\Http\\Request))
#13 C:\\xampp\\htdocs\\PABW\\TA4\\TemuMakanan\\vendor\\laravel\\framework\\src\\Illuminate\\Pipeline\\Pipeline.php(219): Illuminate\\Foundation\\Http\\Middleware\\VerifyCsrfToken->handle(Object(Illuminate\\Http\\Request), Object(Closure))
#14 C:\\xampp\\htdocs\\PABW\\TA4\\TemuMakanan\\vendor\\laravel\\framework\\src\\Illuminate\\View\\Middleware\\ShareErrorsFromSession.php(48): Illuminate\\Pipeline\\Pipeline->Illuminate\\Pipeline\\{closure}(Object(Illuminate\\Http\\Request))
#15 C:\\xampp\\htdocs\\PABW\\TA4\\TemuMakanan\\vendor\\laravel\\framework\\src\\Illuminate\\Pipeline\\Pipeline.php(219): Illuminate\\View\\Middleware\\ShareErrorsFromSession->handle(Object(Illuminate\\Http\\Request), Object(Closure))
#16 C:\\xampp\\htdocs\\PABW\\TA4\\TemuMakanan\\vendor\\laravel\\framework\\src\\Illuminate\\Session\\Middleware\\StartSession.php(120): Illuminate\\Pipeline\\Pipeline->Illuminate\\Pipeline\\{closure}(Object(Illuminate\\Http\\Request))
#17 C:\\xampp\\htdocs\\PABW\\TA4\\TemuMakanan\\vendor\\laravel\\framework\\src\\Illuminate\\Session\\Middleware\\StartSession.php(63): Illuminate\\Session\\Middleware\\StartSession->handleStatefulRequest(Object(Illuminate\\Http\\Request), Object(Illuminate\\Session\\Store), Object(Closure))
#18 C:\\xampp\\htdocs\\PABW\\TA4\\TemuMakanan\\vendor\\laravel\\framework\\src\\Illuminate\\Pipeline\\Pipeline.php(219): Illuminate\\Session\\Middleware\\StartSession->handle(Object(Illuminate\\Http\\Request), Object(Closure))
#19 C:\\xampp\\htdocs\\PABW\\TA4\\TemuMakanan\\vendor\\laravel\\framework\\src\\Illuminate\\Cookie\\Middleware\\AddQueuedCookiesToResponse.php(36): Illuminate\\Pipeline\\Pipeline->Illuminate\\Pipeline\\{closure}(Object(Illuminate\\Http\\Request))
#20 C:\\xampp\\htdocs\\PABW\\TA4\\TemuMakanan\\vendor\\laravel\\framework\\src\\Illuminate\\Pipeline\\Pipeline.php(219): Illuminate\\Cookie\\Middleware\\AddQueuedCookiesToResponse->handle(Object(Illuminate\\Http\\Request), Object(Closure))
#21 C:\\xampp\\htdocs\\PABW\\TA4\\TemuMakanan\\vendor\\laravel\\framework\\src\\Illuminate\\Cookie\\Middleware\\EncryptCookies.php(74): Illuminate\\Pipeline\\Pipeline->Illuminate\\Pipeline\\{closure}(Object(Illuminate\\Http\\Request))
#22 C:\\xampp\\htdocs\\PABW\\TA4\\TemuMakanan\\vendor\\laravel\\framework\\src\\Illuminate\\Pipeline\\Pipeline.php(219): Illuminate\\Cookie\\Middleware\\EncryptCookies->handle(Object(Illuminate\\Http\\Request), Object(Closure))
#23 C:\\xampp\\htdocs\\PABW\\TA4\\TemuMakanan\\vendor\\laravel\\framework\\src\\Illuminate\\Pipeline\\Pipeline.php(137): Illuminate\\Pipeline\\Pipeline->Illuminate\\Pipeline\\{closure}(Object(Illuminate\\Http\\Request))
#24 C:\\xampp\\htdocs\\PABW\\TA4\\TemuMakanan\\vendor\\laravel\\framework\\src\\Illuminate\\Routing\\Router.php(821): Illuminate\\Pipeline\\Pipeline->then(Object(Closure))
#25 C:\\xampp\\htdocs\\PABW\\TA4\\TemuMakanan\\vendor\\laravel\\framework\\src\\Illuminate\\Routing\\Router.php(800): Illuminate\\Routing\\Router->runRouteWithinStack(Object(Illuminate\\Routing\\Route), Object(Illuminate\\Http\\Request))
#26 C:\\xampp\\htdocs\\PABW\\TA4\\TemuMakanan\\vendor\\laravel\\framework\\src\\Illuminate\\Routing\\Router.php(764): Illuminate\\Routing\\Router->runRoute(Object(Illuminate\\Http\\Request), Object(Illuminate\\Routing\\Route))
#27 C:\\xampp\\htdocs\\PABW\\TA4\\TemuMakanan\\vendor\\laravel\\framework\\src\\Illuminate\\Routing\\Router.php(753): Illuminate\\Routing\\Router->dispatchToRoute(Object(Illuminate\\Http\\Request))
#28 C:\\xampp\\htdocs\\PABW\\TA4\\TemuMakanan\\vendor\\laravel\\framework\\src\\Illuminate\\Foundation\\Http\\Kernel.php(200): Illuminate\\Routing\\Router->dispatch(Object(Illuminate\\Http\\Request))
#29 C:\\xampp\\htdocs\\PABW\\TA4\\TemuMakanan\\vendor\\laravel\\framework\\src\\Illuminate\\Pipeline\\Pipeline.php(180): Illuminate\\Foundation\\Http\\Kernel->Illuminate\\Foundation\\Http\\{closure}(Object(Illuminate\\Http\\Request))
#30 C:\\xampp\\htdocs\\PABW\\TA4\\TemuMakanan\\vendor\\laravel\\framework\\src\\Illuminate\\Foundation\\Http\\Middleware\\TransformsRequest.php(21): Illuminate\\Pipeline\\Pipeline->Illuminate\\Pipeline\\{closure}(Object(Illuminate\\Http\\Request))
#31 C:\\xampp\\htdocs\\PABW\\TA4\\TemuMakanan\\vendor\\laravel\\framework\\src\\Illuminate\\Foundation\\Http\\Middleware\\ConvertEmptyStringsToNull.php(31): Illuminate\\Foundation\\Http\\Middleware\\TransformsRequest->handle(Object(Illuminate\\Http\\Request), Object(Closure))
#32 C:\\xampp\\htdocs\\PABW\\TA4\\TemuMakanan\\vendor\\laravel\\framework\\src\\Illuminate\\Pipeline\\Pipeline.php(219): Illuminate\\Foundation\\Http\\Middleware\\ConvertEmptyStringsToNull->handle(Object(Illuminate\\Http\\Request), Object(Closure))
#33 C:\\xampp\\htdocs\\PABW\\TA4\\TemuMakanan\\vendor\\laravel\\framework\\src\\Illuminate\\Foundation\\Http\\Middleware\\TransformsRequest.php(21): Illuminate\\Pipeline\\Pipeline->Illuminate\\Pipeline\\{closure}(Object(Illuminate\\Http\\Request))
#34 C:\\xampp\\htdocs\\PABW\\TA4\\TemuMakanan\\vendor\\laravel\\framework\\src\\Illuminate\\Foundation\\Http\\Middleware\\TrimStrings.php(51): Illuminate\\Foundation\\Http\\Middleware\\TransformsRequest->handle(Object(Illuminate\\Http\\Request), Object(Closure))
#35 C:\\xampp\\htdocs\\PABW\\TA4\\TemuMakanan\\vendor\\laravel\\framework\\src\\Illuminate\\Pipeline\\Pipeline.php(219): Illuminate\\Foundation\\Http\\Middleware\\TrimStrings->handle(Object(Illuminate\\Http\\Request), Object(Closure))
#36 C:\\xampp\\htdocs\\PABW\\TA4\\TemuMakanan\\vendor\\laravel\\framework\\src\\Illuminate\\Http\\Middleware\\ValidatePostSize.php(27): Illuminate\\Pipeline\\Pipeline->Illuminate\\Pipeline\\{closure}(Object(Illuminate\\Http\\Request))
#37 C:\\xampp\\htdocs\\PABW\\TA4\\TemuMakanan\\vendor\\laravel\\framework\\src\\Illuminate\\Pipeline\\Pipeline.php(219): Illuminate\\Http\\Middleware\\ValidatePostSize->handle(Object(Illuminate\\Http\\Request), Object(Closure))
#38 C:\\xampp\\htdocs\\PABW\\TA4\\TemuMakanan\\vendor\\laravel\\framework\\src\\Illuminate\\Foundation\\Http\\Middleware\\PreventRequestsDuringMaintenance.php(109): Illuminate\\Pipeline\\Pipeline->Illuminate\\Pipeline\\{closure}(Object(Illuminate\\Http\\Request))
#39 C:\\xampp\\htdocs\\PABW\\TA4\\TemuMakanan\\vendor\\laravel\\framework\\src\\Illuminate\\Pipeline\\Pipeline.php(219): Illuminate\\Foundation\\Http\\Middleware\\PreventRequestsDuringMaintenance->handle(Object(Illuminate\\Http\\Request), Object(Closure))
#40 C:\\xampp\\htdocs\\PABW\\TA4\\TemuMakanan\\vendor\\laravel\\framework\\src\\Illuminate\\Http\\Middleware\\HandleCors.php(48): Illuminate\\Pipeline\\Pipeline->Illuminate\\Pipeline\\{closure}(Object(Illuminate\\Http\\Request))
#41 C:\\xampp\\htdocs\\PABW\\TA4\\TemuMakanan\\vendor\\laravel\\framework\\src\\Illuminate\\Pipeline\\Pipeline.php(219): Illuminate\\Http\\Middleware\\HandleCors->handle(Object(Illuminate\\Http\\Request), Object(Closure))
#42 C:\\xampp\\htdocs\\PABW\\TA4\\TemuMakanan\\vendor\\laravel\\framework\\src\\Illuminate\\Http\\Middleware\\TrustProxies.php(58): Illuminate\\Pipeline\\Pipeline->Illuminate\\Pipeline\\{closure}(Object(Illuminate\\Http\\Request))
#43 C:\\xampp\\htdocs\\PABW\\TA4\\TemuMakanan\\vendor\\laravel\\framework\\src\\Illuminate\\Pipeline\\Pipeline.php(219): Illuminate\\Http\\Middleware\\TrustProxies->handle(Object(Illuminate\\Http\\Request), Object(Closure))
#44 C:\\xampp\\htdocs\\PABW\\TA4\\TemuMakanan\\vendor\\laravel\\framework\\src\\Illuminate\\Foundation\\Http\\Middleware\\InvokeDeferredCallbacks.php(22): Illuminate\\Pipeline\\Pipeline->Illuminate\\Pipeline\\{closure}(Object(Illuminate\\Http\\Request))
#45 C:\\xampp\\htdocs\\PABW\\TA4\\TemuMakanan\\vendor\\laravel\\framework\\src\\Illuminate\\Pipeline\\Pipeline.php(219): Illuminate\\Foundation\\Http\\Middleware\\InvokeDeferredCallbacks->handle(Object(Illuminate\\Http\\Request), Object(Closure))
#46 C:\\xampp\\htdocs\\PABW\\TA4\\TemuMakanan\\vendor\\laravel\\framework\\src\\Illuminate\\Http\\Middleware\\ValidatePathEncoding.php(26): Illuminate\\Pipeline\\Pipeline->Illuminate\\Pipeline\\{closure}(Object(Illuminate\\Http\\Request))
#47 C:\\xampp\\htdocs\\PABW\\TA4\\TemuMakanan\\vendor\\laravel\\framework\\src\\Illuminate\\Pipeline\\Pipeline.php(219): Illuminate\\Http\\Middleware\\ValidatePathEncoding->handle(Object(Illuminate\\Http\\Request), Object(Closure))
#48 C:\\xampp\\htdocs\\PABW\\TA4\\TemuMakanan\\vendor\\laravel\\framework\\src\\Illuminate\\Pipeline\\Pipeline.php(137): Illuminate\\Pipeline\\Pipeline->Illuminate\\Pipeline\\{closure}(Object(Illuminate\\Http\\Request))
#49 C:\\xampp\\htdocs\\PABW\\TA4\\TemuMakanan\\vendor\\laravel\\framework\\src\\Illuminate\\Foundation\\Http\\Kernel.php(175): Illuminate\\Pipeline\\Pipeline->then(Object(Closure))
#50 C:\\xampp\\htdocs\\PABW\\TA4\\TemuMakanan\\vendor\\laravel\\framework\\src\\Illuminate\\Foundation\\Http\\Kernel.php(144): Illuminate\\Foundation\\Http\\Kernel->sendRequestThroughRouter(Object(Illuminate\\Http\\Request))
#51 C:\\xampp\\htdocs\\PABW\\TA4\\TemuMakanan\\vendor\\laravel\\framework\\src\\Illuminate\\Foundation\\Application.php(1220): Illuminate\\Foundation\\Http\\Kernel->handle(Object(Illuminate\\Http\\Request))
#52 C:\\xampp\\htdocs\\PABW\\TA4\\TemuMakanan\\public\\index.php(20): Illuminate\\Foundation\\Application->handleRequest(Object(Illuminate\\Http\\Request))
#53 C:\\xampp\\htdocs\\PABW\\TA4\\TemuMakanan\\vendor\\laravel\\framework\\src\\Illuminate\\Foundation\\resources\\server.php(23): require_once('C:\\\\xampp\\\\htdocs...')
#54 {main}
"} 
[2025-10-14 19:31:58] local.ERROR: View [dashboard.index] not found. {"exception":"[object] (InvalidArgumentException(code: 0): View [dashboard.index] not found. at C:\\xampp\\htdocs\\PABW\\TA4\\TemuMakanan\\vendor\\laravel\\framework\\src\\Illuminate\\View\\FileViewFinder.php:138)
[stacktrace]
#0 C:\\xampp\\htdocs\\PABW\\TA4\\TemuMakanan\\vendor\\laravel\\framework\\src\\Illuminate\\View\\FileViewFinder.php(78): Illuminate\\View\\FileViewFinder->findInPaths('dashboard.index', Array)
#1 C:\\xampp\\htdocs\\PABW\\TA4\\TemuMakanan\\vendor\\laravel\\framework\\src\\Illuminate\\View\\Factory.php(150): Illuminate\\View\\FileViewFinder->find('dashboard.index')
#2 C:\\xampp\\htdocs\\PABW\\TA4\\TemuMakanan\\vendor\\laravel\\framework\\src\\Illuminate\\Foundation\\helpers.php(1101): Illuminate\\View\\Factory->make('dashboard.index', Array, Array)
#3 C:\\xampp\\htdocs\\PABW\\TA4\\TemuMakanan\\app\\Http\\Controllers\\RestaurantController.php(58): view('dashboard.index', Array)
#4 C:\\xampp\\htdocs\\PABW\\TA4\\TemuMakanan\\vendor\\laravel\\framework\\src\\Illuminate\\Routing\\ControllerDispatcher.php(46): App\\Http\\Controllers\\RestaurantController->index()
#5 C:\\xampp\\htdocs\\PABW\\TA4\\TemuMakanan\\vendor\\laravel\\framework\\src\\Illuminate\\Routing\\Route.php(265): Illuminate\\Routing\\ControllerDispatcher->dispatch(Object(Illuminate\\Routing\\Route), Object(App\\Http\\Controllers\\RestaurantController), 'index')
#6 C:\\xampp\\htdocs\\PABW\\TA4\\TemuMakanan\\vendor\\laravel\\framework\\src\\Illuminate\\Routing\\Route.php(211): Illuminate\\Routing\\Route->runController()
#7 C:\\xampp\\htdocs\\PABW\\TA4\\TemuMakanan\\vendor\\laravel\\framework\\src\\Illuminate\\Routing\\Router.php(822): Illuminate\\Routing\\Route->run()
#8 C:\\xampp\\htdocs\\PABW\\TA4\\TemuMakanan\\vendor\\laravel\\framework\\src\\Illuminate\\Pipeline\\Pipeline.php(180): Illuminate\\Routing\\Router->Illuminate\\Routing\\{closure}(Object(Illuminate\\Http\\Request))
#9 C:\\xampp\\htdocs\\PABW\\TA4\\TemuMakanan\\vendor\\laravel\\framework\\src\\Illuminate\\Routing\\Middleware\\SubstituteBindings.php(50): Illuminate\\Pipeline\\Pipeline->Illuminate\\Pipeline\\{closure}(Object(Illuminate\\Http\\Request))
#10 C:\\xampp\\htdocs\\PABW\\TA4\\TemuMakanan\\vendor\\laravel\\framework\\src\\Illuminate\\Pipeline\\Pipeline.php(219): Illuminate\\Routing\\Middleware\\SubstituteBindings->handle(Object(Illuminate\\Http\\Request), Object(Closure))
#11 C:\\xampp\\htdocs\\PABW\\TA4\\TemuMakanan\\vendor\\laravel\\framework\\src\\Illuminate\\Foundation\\Http\\Middleware\\VerifyCsrfToken.php(87): Illuminate\\Pipeline\\Pipeline->Illuminate\\Pipeline\\{closure}(Object(Illuminate\\Http\\Request))
#12 C:\\xampp\\htdocs\\PABW\\TA4\\TemuMakanan\\vendor\\laravel\\framework\\src\\Illuminate\\Pipeline\\Pipeline.php(219): Illuminate\\Foundation\\Http\\Middleware\\VerifyCsrfToken->handle(Object(Illuminate\\Http\\Request), Object(Closure))
#13 C:\\xampp\\htdocs\\PABW\\TA4\\TemuMakanan\\vendor\\laravel\\framework\\src\\Illuminate\\View\\Middleware\\ShareErrorsFromSession.php(48): Illuminate\\Pipeline\\Pipeline->Illuminate\\Pipeline\\{closure}(Object(Illuminate\\Http\\Request))
#14 C:\\xampp\\htdocs\\PABW\\TA4\\TemuMakanan\\vendor\\laravel\\framework\\src\\Illuminate\\Pipeline\\Pipeline.php(219): Illuminate\\View\\Middleware\\ShareErrorsFromSession->handle(Object(Illuminate\\Http\\Request), Object(Closure))
#15 C:\\xampp\\htdocs\\PABW\\TA4\\TemuMakanan\\vendor\\laravel\\framework\\src\\Illuminate\\Session\\Middleware\\StartSession.php(120): Illuminate\\Pipeline\\Pipeline->Illuminate\\Pipeline\\{closure}(Object(Illuminate\\Http\\Request))
#16 C:\\xampp\\htdocs\\PABW\\TA4\\TemuMakanan\\vendor\\laravel\\framework\\src\\Illuminate\\Session\\Middleware\\StartSession.php(63): Illuminate\\Session\\Middleware\\StartSession->handleStatefulRequest(Object(Illuminate\\Http\\Request), Object(Illuminate\\Session\\Store), Object(Closure))
#17 C:\\xampp\\htdocs\\PABW\\TA4\\TemuMakanan\\vendor\\laravel\\framework\\src\\Illuminate\\Pipeline\\Pipeline.php(219): Illuminate\\Session\\Middleware\\StartSession->handle(Object(Illuminate\\Http\\Request), Object(Closure))
#18 C:\\xampp\\htdocs\\PABW\\TA4\\TemuMakanan\\vendor\\laravel\\framework\\src\\Illuminate\\Cookie\\Middleware\\AddQueuedCookiesToResponse.php(36): Illuminate\\Pipeline\\Pipeline->Illuminate\\Pipeline\\{closure}(Object(Illuminate\\Http\\Request))
#19 C:\\xampp\\htdocs\\PABW\\TA4\\TemuMakanan\\vendor\\laravel\\framework\\src\\Illuminate\\Pipeline\\Pipeline.php(219): Illuminate\\Cookie\\Middleware\\AddQueuedCookiesToResponse->handle(Object(Illuminate\\Http\\Request), Object(Closure))
#20 C:\\xampp\\htdocs\\PABW\\TA4\\TemuMakanan\\vendor\\laravel\\framework\\src\\Illuminate\\Cookie\\Middleware\\EncryptCookies.php(74): Illuminate\\Pipeline\\Pipeline->Illuminate\\Pipeline\\{closure}(Object(Illuminate\\Http\\Request))
#21 C:\\xampp\\htdocs\\PABW\\TA4\\TemuMakanan\\vendor\\laravel\\framework\\src\\Illuminate\\Pipeline\\Pipeline.php(219): Illuminate\\Cookie\\Middleware\\EncryptCookies->handle(Object(Illuminate\\Http\\Request), Object(Closure))
#22 C:\\xampp\\htdocs\\PABW\\TA4\\TemuMakanan\\vendor\\laravel\\framework\\src\\Illuminate\\Pipeline\\Pipeline.php(137): Illuminate\\Pipeline\\Pipeline->Illuminate\\Pipeline\\{closure}(Object(Illuminate\\Http\\Request))
#23 C:\\xampp\\htdocs\\PABW\\TA4\\TemuMakanan\\vendor\\laravel\\framework\\src\\Illuminate\\Routing\\Router.php(821): Illuminate\\Pipeline\\Pipeline->then(Object(Closure))
#24 C:\\xampp\\htdocs\\PABW\\TA4\\TemuMakanan\\vendor\\laravel\\framework\\src\\Illuminate\\Routing\\Router.php(800): Illuminate\\Routing\\Router->runRouteWithinStack(Object(Illuminate\\Routing\\Route), Object(Illuminate\\Http\\Request))
#25 C:\\xampp\\htdocs\\PABW\\TA4\\TemuMakanan\\vendor\\laravel\\framework\\src\\Illuminate\\Routing\\Router.php(764): Illuminate\\Routing\\Router->runRoute(Object(Illuminate\\Http\\Request), Object(Illuminate\\Routing\\Route))
#26 C:\\xampp\\htdocs\\PABW\\TA4\\TemuMakanan\\vendor\\laravel\\framework\\src\\Illuminate\\Routing\\Router.php(753): Illuminate\\Routing\\Router->dispatchToRoute(Object(Illuminate\\Http\\Request))
#27 C:\\xampp\\htdocs\\PABW\\TA4\\TemuMakanan\\vendor\\laravel\\framework\\src\\Illuminate\\Foundation\\Http\\Kernel.php(200): Illuminate\\Routing\\Router->dispatch(Object(Illuminate\\Http\\Request))
#28 C:\\xampp\\htdocs\\PABW\\TA4\\TemuMakanan\\vendor\\laravel\\framework\\src\\Illuminate\\Pipeline\\Pipeline.php(180): Illuminate\\Foundation\\Http\\Kernel->Illuminate\\Foundation\\Http\\{closure}(Object(Illuminate\\Http\\Request))
#29 C:\\xampp\\htdocs\\PABW\\TA4\\TemuMakanan\\vendor\\laravel\\framework\\src\\Illuminate\\Foundation\\Http\\Middleware\\TransformsRequest.php(21): Illuminate\\Pipeline\\Pipeline->Illuminate\\Pipeline\\{closure}(Object(Illuminate\\Http\\Request))
#30 C:\\xampp\\htdocs\\PABW\\TA4\\TemuMakanan\\vendor\\laravel\\framework\\src\\Illuminate\\Foundation\\Http\\Middleware\\ConvertEmptyStringsToNull.php(31): Illuminate\\Foundation\\Http\\Middleware\\TransformsRequest->handle(Object(Illuminate\\Http\\Request), Object(Closure))
#31 C:\\xampp\\htdocs\\PABW\\TA4\\TemuMakanan\\vendor\\laravel\\framework\\src\\Illuminate\\Pipeline\\Pipeline.php(219): Illuminate\\Foundation\\Http\\Middleware\\ConvertEmptyStringsToNull->handle(Object(Illuminate\\Http\\Request), Object(Closure))
#32 C:\\xampp\\htdocs\\PABW\\TA4\\TemuMakanan\\vendor\\laravel\\framework\\src\\Illuminate\\Foundation\\Http\\Middleware\\TransformsRequest.php(21): Illuminate\\Pipeline\\Pipeline->Illuminate\\Pipeline\\{closure}(Object(Illuminate\\Http\\Request))
#33 C:\\xampp\\htdocs\\PABW\\TA4\\TemuMakanan\\vendor\\laravel\\framework\\src\\Illuminate\\Foundation\\Http\\Middleware\\TrimStrings.php(51): Illuminate\\Foundation\\Http\\Middleware\\TransformsRequest->handle(Object(Illuminate\\Http\\Request), Object(Closure))
#34 C:\\xampp\\htdocs\\PABW\\TA4\\TemuMakanan\\vendor\\laravel\\framework\\src\\Illuminate\\Pipeline\\Pipeline.php(219): Illuminate\\Foundation\\Http\\Middleware\\TrimStrings->handle(Object(Illuminate\\Http\\Request), Object(Closure))
#35 C:\\xampp\\htdocs\\PABW\\TA4\\TemuMakanan\\vendor\\laravel\\framework\\src\\Illuminate\\Http\\Middleware\\ValidatePostSize.php(27): Illuminate\\Pipeline\\Pipeline->Illuminate\\Pipeline\\{closure}(Object(Illuminate\\Http\\Request))
#36 C:\\xampp\\htdocs\\PABW\\TA4\\TemuMakanan\\vendor\\laravel\\framework\\src\\Illuminate\\Pipeline\\Pipeline.php(219): Illuminate\\Http\\Middleware\\ValidatePostSize->handle(Object(Illuminate\\Http\\Request), Object(Closure))
#37 C:\\xampp\\htdocs\\PABW\\TA4\\TemuMakanan\\vendor\\laravel\\framework\\src\\Illuminate\\Foundation\\Http\\Middleware\\PreventRequestsDuringMaintenance.php(109): Illuminate\\Pipeline\\Pipeline->Illuminate\\Pipeline\\{closure}(Object(Illuminate\\Http\\Request))
#38 C:\\xampp\\htdocs\\PABW\\TA4\\TemuMakanan\\vendor\\laravel\\framework\\src\\Illuminate\\Pipeline\\Pipeline.php(219): Illuminate\\Foundation\\Http\\Middleware\\PreventRequestsDuringMaintenance->handle(Object(Illuminate\\Http\\Request), Object(Closure))
#39 C:\\xampp\\htdocs\\PABW\\TA4\\TemuMakanan\\vendor\\laravel\\framework\\src\\Illuminate\\Http\\Middleware\\HandleCors.php(48): Illuminate\\Pipeline\\Pipeline->Illuminate\\Pipeline\\{closure}(Object(Illuminate\\Http\\Request))
#40 C:\\xampp\\htdocs\\PABW\\TA4\\TemuMakanan\\vendor\\laravel\\framework\\src\\Illuminate\\Pipeline\\Pipeline.php(219): Illuminate\\Http\\Middleware\\HandleCors->handle(Object(Illuminate\\Http\\Request), Object(Closure))
#41 C:\\xampp\\htdocs\\PABW\\TA4\\TemuMakanan\\vendor\\laravel\\framework\\src\\Illuminate\\Http\\Middleware\\TrustProxies.php(58): Illuminate\\Pipeline\\Pipeline->Illuminate\\Pipeline\\{closure}(Object(Illuminate\\Http\\Request))
#42 C:\\xampp\\htdocs\\PABW\\TA4\\TemuMakanan\\vendor\\laravel\\framework\\src\\Illuminate\\Pipeline\\Pipeline.php(219): Illuminate\\Http\\Middleware\\TrustProxies->handle(Object(Illuminate\\Http\\Request), Object(Closure))
#43 C:\\xampp\\htdocs\\PABW\\TA4\\TemuMakanan\\vendor\\laravel\\framework\\src\\Illuminate\\Foundation\\Http\\Middleware\\InvokeDeferredCallbacks.php(22): Illuminate\\Pipeline\\Pipeline->Illuminate\\Pipeline\\{closure}(Object(Illuminate\\Http\\Request))
#44 C:\\xampp\\htdocs\\PABW\\TA4\\TemuMakanan\\vendor\\laravel\\framework\\src\\Illuminate\\Pipeline\\Pipeline.php(219): Illuminate\\Foundation\\Http\\Middleware\\InvokeDeferredCallbacks->handle(Object(Illuminate\\Http\\Request), Object(Closure))
#45 C:\\xampp\\htdocs\\PABW\\TA4\\TemuMakanan\\vendor\\laravel\\framework\\src\\Illuminate\\Http\\Middleware\\ValidatePathEncoding.php(26): Illuminate\\Pipeline\\Pipeline->Illuminate\\Pipeline\\{closure}(Object(Illuminate\\Http\\Request))
#46 C:\\xampp\\htdocs\\PABW\\TA4\\TemuMakanan\\vendor\\laravel\\framework\\src\\Illuminate\\Pipeline\\Pipeline.php(219): Illuminate\\Http\\Middleware\\ValidatePathEncoding->handle(Object(Illuminate\\Http\\Request), Object(Closure))
#47 C:\\xampp\\htdocs\\PABW\\TA4\\TemuMakanan\\vendor\\laravel\\framework\\src\\Illuminate\\Pipeline\\Pipeline.php(137): Illuminate\\Pipeline\\Pipeline->Illuminate\\Pipeline\\{closure}(Object(Illuminate\\Http\\Request))
#48 C:\\xampp\\htdocs\\PABW\\TA4\\TemuMakanan\\vendor\\laravel\\framework\\src\\Illuminate\\Foundation\\Http\\Kernel.php(175): Illuminate\\Pipeline\\Pipeline->then(Object(Closure))
#49 C:\\xampp\\htdocs\\PABW\\TA4\\TemuMakanan\\vendor\\laravel\\framework\\src\\Illuminate\\Foundation\\Http\\Kernel.php(144): Illuminate\\Foundation\\Http\\Kernel->sendRequestThroughRouter(Object(Illuminate\\Http\\Request))
#50 C:\\xampp\\htdocs\\PABW\\TA4\\TemuMakanan\\vendor\\laravel\\framework\\src\\Illuminate\\Foundation\\Application.php(1220): Illuminate\\Foundation\\Http\\Kernel->handle(Object(Illuminate\\Http\\Request))
#51 C:\\xampp\\htdocs\\PABW\\TA4\\TemuMakanan\\public\\index.php(20): Illuminate\\Foundation\\Application->handleRequest(Object(Illuminate\\Http\\Request))
#52 C:\\xampp\\htdocs\\PABW\\TA4\\TemuMakanan\\vendor\\laravel\\framework\\src\\Illuminate\\Foundation\\resources\\server.php(23): require_once('C:\\\\xampp\\\\htdocs...')
#53 {main}
"} 
[2025-10-14 19:32:07] local.ERROR: View [dashboard.index] not found. {"exception":"[object] (InvalidArgumentException(code: 0): View [dashboard.index] not found. at C:\\xampp\\htdocs\\PABW\\TA4\\TemuMakanan\\vendor\\laravel\\framework\\src\\Illuminate\\View\\FileViewFinder.php:138)
[stacktrace]
#0 C:\\xampp\\htdocs\\PABW\\TA4\\TemuMakanan\\vendor\\laravel\\framework\\src\\Illuminate\\View\\FileViewFinder.php(78): Illuminate\\View\\FileViewFinder->findInPaths('dashboard.index', Array)
#1 C:\\xampp\\htdocs\\PABW\\TA4\\TemuMakanan\\vendor\\laravel\\framework\\src\\Illuminate\\View\\Factory.php(150): Illuminate\\View\\FileViewFinder->find('dashboard.index')
#2 C:\\xampp\\htdocs\\PABW\\TA4\\TemuMakanan\\vendor\\laravel\\framework\\src\\Illuminate\\Foundation\\helpers.php(1101): Illuminate\\View\\Factory->make('dashboard.index', Array, Array)
#3 C:\\xampp\\htdocs\\PABW\\TA4\\TemuMakanan\\app\\Http\\Controllers\\RestaurantController.php(58): view('dashboard.index', Array)
#4 C:\\xampp\\htdocs\\PABW\\TA4\\TemuMakanan\\vendor\\laravel\\framework\\src\\Illuminate\\Routing\\ControllerDispatcher.php(46): App\\Http\\Controllers\\RestaurantController->index()
#5 C:\\xampp\\htdocs\\PABW\\TA4\\TemuMakanan\\vendor\\laravel\\framework\\src\\Illuminate\\Routing\\Route.php(265): Illuminate\\Routing\\ControllerDispatcher->dispatch(Object(Illuminate\\Routing\\Route), Object(App\\Http\\Controllers\\RestaurantController), 'index')
#6 C:\\xampp\\htdocs\\PABW\\TA4\\TemuMakanan\\vendor\\laravel\\framework\\src\\Illuminate\\Routing\\Route.php(211): Illuminate\\Routing\\Route->runController()
#7 C:\\xampp\\htdocs\\PABW\\TA4\\TemuMakanan\\vendor\\laravel\\framework\\src\\Illuminate\\Routing\\Router.php(822): Illuminate\\Routing\\Route->run()
#8 C:\\xampp\\htdocs\\PABW\\TA4\\TemuMakanan\\vendor\\laravel\\framework\\src\\Illuminate\\Pipeline\\Pipeline.php(180): Illuminate\\Routing\\Router->Illuminate\\Routing\\{closure}(Object(Illuminate\\Http\\Request))
#9 C:\\xampp\\htdocs\\PABW\\TA4\\TemuMakanan\\vendor\\laravel\\framework\\src\\Illuminate\\Routing\\Middleware\\SubstituteBindings.php(50): Illuminate\\Pipeline\\Pipeline->Illuminate\\Pipeline\\{closure}(Object(Illuminate\\Http\\Request))
#10 C:\\xampp\\htdocs\\PABW\\TA4\\TemuMakanan\\vendor\\laravel\\framework\\src\\Illuminate\\Pipeline\\Pipeline.php(219): Illuminate\\Routing\\Middleware\\SubstituteBindings->handle(Object(Illuminate\\Http\\Request), Object(Closure))
#11 C:\\xampp\\htdocs\\PABW\\TA4\\TemuMakanan\\vendor\\laravel\\framework\\src\\Illuminate\\Foundation\\Http\\Middleware\\VerifyCsrfToken.php(87): Illuminate\\Pipeline\\Pipeline->Illuminate\\Pipeline\\{closure}(Object(Illuminate\\Http\\Request))
#12 C:\\xampp\\htdocs\\PABW\\TA4\\TemuMakanan\\vendor\\laravel\\framework\\src\\Illuminate\\Pipeline\\Pipeline.php(219): Illuminate\\Foundation\\Http\\Middleware\\VerifyCsrfToken->handle(Object(Illuminate\\Http\\Request), Object(Closure))
#13 C:\\xampp\\htdocs\\PABW\\TA4\\TemuMakanan\\vendor\\laravel\\framework\\src\\Illuminate\\View\\Middleware\\ShareErrorsFromSession.php(48): Illuminate\\Pipeline\\Pipeline->Illuminate\\Pipeline\\{closure}(Object(Illuminate\\Http\\Request))
#14 C:\\xampp\\htdocs\\PABW\\TA4\\TemuMakanan\\vendor\\laravel\\framework\\src\\Illuminate\\Pipeline\\Pipeline.php(219): Illuminate\\View\\Middleware\\ShareErrorsFromSession->handle(Object(Illuminate\\Http\\Request), Object(Closure))
#15 C:\\xampp\\htdocs\\PABW\\TA4\\TemuMakanan\\vendor\\laravel\\framework\\src\\Illuminate\\Session\\Middleware\\StartSession.php(120): Illuminate\\Pipeline\\Pipeline->Illuminate\\Pipeline\\{closure}(Object(Illuminate\\Http\\Request))
#16 C:\\xampp\\htdocs\\PABW\\TA4\\TemuMakanan\\vendor\\laravel\\framework\\src\\Illuminate\\Session\\Middleware\\StartSession.php(63): Illuminate\\Session\\Middleware\\StartSession->handleStatefulRequest(Object(Illuminate\\Http\\Request), Object(Illuminate\\Session\\Store), Object(Closure))
#17 C:\\xampp\\htdocs\\PABW\\TA4\\TemuMakanan\\vendor\\laravel\\framework\\src\\Illuminate\\Pipeline\\Pipeline.php(219): Illuminate\\Session\\Middleware\\StartSession->handle(Object(Illuminate\\Http\\Request), Object(Closure))
#18 C:\\xampp\\htdocs\\PABW\\TA4\\TemuMakanan\\vendor\\laravel\\framework\\src\\Illuminate\\Cookie\\Middleware\\AddQueuedCookiesToResponse.php(36): Illuminate\\Pipeline\\Pipeline->Illuminate\\Pipeline\\{closure}(Object(Illuminate\\Http\\Request))
#19 C:\\xampp\\htdocs\\PABW\\TA4\\TemuMakanan\\vendor\\laravel\\framework\\src\\Illuminate\\Pipeline\\Pipeline.php(219): Illuminate\\Cookie\\Middleware\\AddQueuedCookiesToResponse->handle(Object(Illuminate\\Http\\Request), Object(Closure))
#20 C:\\xampp\\htdocs\\PABW\\TA4\\TemuMakanan\\vendor\\laravel\\framework\\src\\Illuminate\\Cookie\\Middleware\\EncryptCookies.php(74): Illuminate\\Pipeline\\Pipeline->Illuminate\\Pipeline\\{closure}(Object(Illuminate\\Http\\Request))
#21 C:\\xampp\\htdocs\\PABW\\TA4\\TemuMakanan\\vendor\\laravel\\framework\\src\\Illuminate\\Pipeline\\Pipeline.php(219): Illuminate\\Cookie\\Middleware\\EncryptCookies->handle(Object(Illuminate\\Http\\Request), Object(Closure))
#22 C:\\xampp\\htdocs\\PABW\\TA4\\TemuMakanan\\vendor\\laravel\\framework\\src\\Illuminate\\Pipeline\\Pipeline.php(137): Illuminate\\Pipeline\\Pipeline->Illuminate\\Pipeline\\{closure}(Object(Illuminate\\Http\\Request))
#23 C:\\xampp\\htdocs\\PABW\\TA4\\TemuMakanan\\vendor\\laravel\\framework\\src\\Illuminate\\Routing\\Router.php(821): Illuminate\\Pipeline\\Pipeline->then(Object(Closure))
#24 C:\\xampp\\htdocs\\PABW\\TA4\\TemuMakanan\\vendor\\laravel\\framework\\src\\Illuminate\\Routing\\Router.php(800): Illuminate\\Routing\\Router->runRouteWithinStack(Object(Illuminate\\Routing\\Route), Object(Illuminate\\Http\\Request))
#25 C:\\xampp\\htdocs\\PABW\\TA4\\TemuMakanan\\vendor\\laravel\\framework\\src\\Illuminate\\Routing\\Router.php(764): Illuminate\\Routing\\Router->runRoute(Object(Illuminate\\Http\\Request), Object(Illuminate\\Routing\\Route))
#26 C:\\xampp\\htdocs\\PABW\\TA4\\TemuMakanan\\vendor\\laravel\\framework\\src\\Illuminate\\Routing\\Router.php(753): Illuminate\\Routing\\Router->dispatchToRoute(Object(Illuminate\\Http\\Request))
#27 C:\\xampp\\htdocs\\PABW\\TA4\\TemuMakanan\\vendor\\laravel\\framework\\src\\Illuminate\\Foundation\\Http\\Kernel.php(200): Illuminate\\Routing\\Router->dispatch(Object(Illuminate\\Http\\Request))
#28 C:\\xampp\\htdocs\\PABW\\TA4\\TemuMakanan\\vendor\\laravel\\framework\\src\\Illuminate\\Pipeline\\Pipeline.php(180): Illuminate\\Foundation\\Http\\Kernel->Illuminate\\Foundation\\Http\\{closure}(Object(Illuminate\\Http\\Request))
#29 C:\\xampp\\htdocs\\PABW\\TA4\\TemuMakanan\\vendor\\laravel\\framework\\src\\Illuminate\\Foundation\\Http\\Middleware\\TransformsRequest.php(21): Illuminate\\Pipeline\\Pipeline->Illuminate\\Pipeline\\{closure}(Object(Illuminate\\Http\\Request))
#30 C:\\xampp\\htdocs\\PABW\\TA4\\TemuMakanan\\vendor\\laravel\\framework\\src\\Illuminate\\Foundation\\Http\\Middleware\\ConvertEmptyStringsToNull.php(31): Illuminate\\Foundation\\Http\\Middleware\\TransformsRequest->handle(Object(Illuminate\\Http\\Request), Object(Closure))
#31 C:\\xampp\\htdocs\\PABW\\TA4\\TemuMakanan\\vendor\\laravel\\framework\\src\\Illuminate\\Pipeline\\Pipeline.php(219): Illuminate\\Foundation\\Http\\Middleware\\ConvertEmptyStringsToNull->handle(Object(Illuminate\\Http\\Request), Object(Closure))
#32 C:\\xampp\\htdocs\\PABW\\TA4\\TemuMakanan\\vendor\\laravel\\framework\\src\\Illuminate\\Foundation\\Http\\Middleware\\TransformsRequest.php(21): Illuminate\\Pipeline\\Pipeline->Illuminate\\Pipeline\\{closure}(Object(Illuminate\\Http\\Request))
#33 C:\\xampp\\htdocs\\PABW\\TA4\\TemuMakanan\\vendor\\laravel\\framework\\src\\Illuminate\\Foundation\\Http\\Middleware\\TrimStrings.php(51): Illuminate\\Foundation\\Http\\Middleware\\TransformsRequest->handle(Object(Illuminate\\Http\\Request), Object(Closure))
#34 C:\\xampp\\htdocs\\PABW\\TA4\\TemuMakanan\\vendor\\laravel\\framework\\src\\Illuminate\\Pipeline\\Pipeline.php(219): Illuminate\\Foundation\\Http\\Middleware\\TrimStrings->handle(Object(Illuminate\\Http\\Request), Object(Closure))
#35 C:\\xampp\\htdocs\\PABW\\TA4\\TemuMakanan\\vendor\\laravel\\framework\\src\\Illuminate\\Http\\Middleware\\ValidatePostSize.php(27): Illuminate\\Pipeline\\Pipeline->Illuminate\\Pipeline\\{closure}(Object(Illuminate\\Http\\Request))
#36 C:\\xampp\\htdocs\\PABW\\TA4\\TemuMakanan\\vendor\\laravel\\framework\\src\\Illuminate\\Pipeline\\Pipeline.php(219): Illuminate\\Http\\Middleware\\ValidatePostSize->handle(Object(Illuminate\\Http\\Request), Object(Closure))
#37 C:\\xampp\\htdocs\\PABW\\TA4\\TemuMakanan\\vendor\\laravel\\framework\\src\\Illuminate\\Foundation\\Http\\Middleware\\PreventRequestsDuringMaintenance.php(109): Illuminate\\Pipeline\\Pipeline->Illuminate\\Pipeline\\{closure}(Object(Illuminate\\Http\\Request))
#38 C:\\xampp\\htdocs\\PABW\\TA4\\TemuMakanan\\vendor\\laravel\\framework\\src\\Illuminate\\Pipeline\\Pipeline.php(219): Illuminate\\Foundation\\Http\\Middleware\\PreventRequestsDuringMaintenance->handle(Object(Illuminate\\Http\\Request), Object(Closure))
#39 C:\\xampp\\htdocs\\PABW\\TA4\\TemuMakanan\\vendor\\laravel\\framework\\src\\Illuminate\\Http\\Middleware\\HandleCors.php(48): Illuminate\\Pipeline\\Pipeline->Illuminate\\Pipeline\\{closure}(Object(Illuminate\\Http\\Request))
#40 C:\\xampp\\htdocs\\PABW\\TA4\\TemuMakanan\\vendor\\laravel\\framework\\src\\Illuminate\\Pipeline\\Pipeline.php(219): Illuminate\\Http\\Middleware\\HandleCors->handle(Object(Illuminate\\Http\\Request), Object(Closure))
#41 C:\\xampp\\htdocs\\PABW\\TA4\\TemuMakanan\\vendor\\laravel\\framework\\src\\Illuminate\\Http\\Middleware\\TrustProxies.php(58): Illuminate\\Pipeline\\Pipeline->Illuminate\\Pipeline\\{closure}(Object(Illuminate\\Http\\Request))
#42 C:\\xampp\\htdocs\\PABW\\TA4\\TemuMakanan\\vendor\\laravel\\framework\\src\\Illuminate\\Pipeline\\Pipeline.php(219): Illuminate\\Http\\Middleware\\TrustProxies->handle(Object(Illuminate\\Http\\Request), Object(Closure))
#43 C:\\xampp\\htdocs\\PABW\\TA4\\TemuMakanan\\vendor\\laravel\\framework\\src\\Illuminate\\Foundation\\Http\\Middleware\\InvokeDeferredCallbacks.php(22): Illuminate\\Pipeline\\Pipeline->Illuminate\\Pipeline\\{closure}(Object(Illuminate\\Http\\Request))
#44 C:\\xampp\\htdocs\\PABW\\TA4\\TemuMakanan\\vendor\\laravel\\framework\\src\\Illuminate\\Pipeline\\Pipeline.php(219): Illuminate\\Foundation\\Http\\Middleware\\InvokeDeferredCallbacks->handle(Object(Illuminate\\Http\\Request), Object(Closure))
#45 C:\\xampp\\htdocs\\PABW\\TA4\\TemuMakanan\\vendor\\laravel\\framework\\src\\Illuminate\\Http\\Middleware\\ValidatePathEncoding.php(26): Illuminate\\Pipeline\\Pipeline->Illuminate\\Pipeline\\{closure}(Object(Illuminate\\Http\\Request))
#46 C:\\xampp\\htdocs\\PABW\\TA4\\TemuMakanan\\vendor\\laravel\\framework\\src\\Illuminate\\Pipeline\\Pipeline.php(219): Illuminate\\Http\\Middleware\\ValidatePathEncoding->handle(Object(Illuminate\\Http\\Request), Object(Closure))
#47 C:\\xampp\\htdocs\\PABW\\TA4\\TemuMakanan\\vendor\\laravel\\framework\\src\\Illuminate\\Pipeline\\Pipeline.php(137): Illuminate\\Pipeline\\Pipeline->Illuminate\\Pipeline\\{closure}(Object(Illuminate\\Http\\Request))
#48 C:\\xampp\\htdocs\\PABW\\TA4\\TemuMakanan\\vendor\\laravel\\framework\\src\\Illuminate\\Foundation\\Http\\Kernel.php(175): Illuminate\\Pipeline\\Pipeline->then(Object(Closure))
#49 C:\\xampp\\htdocs\\PABW\\TA4\\TemuMakanan\\vendor\\laravel\\framework\\src\\Illuminate\\Foundation\\Http\\Kernel.php(144): Illuminate\\Foundation\\Http\\Kernel->sendRequestThroughRouter(Object(Illuminate\\Http\\Request))
#50 C:\\xampp\\htdocs\\PABW\\TA4\\TemuMakanan\\vendor\\laravel\\framework\\src\\Illuminate\\Foundation\\Application.php(1220): Illuminate\\Foundation\\Http\\Kernel->handle(Object(Illuminate\\Http\\Request))
#51 C:\\xampp\\htdocs\\PABW\\TA4\\TemuMakanan\\public\\index.php(20): Illuminate\\Foundation\\Application->handleRequest(Object(Illuminate\\Http\\Request))
#52 C:\\xampp\\htdocs\\PABW\\TA4\\TemuMakanan\\vendor\\laravel\\framework\\src\\Illuminate\\Foundation\\resources\\server.php(23): require_once('C:\\\\xampp\\\\htdocs...')
#53 {main}
"} 
[2025-10-14 19:34:12] local.ERROR: View [dashboard.index] not found. {"exception":"[object] (InvalidArgumentException(code: 0): View [dashboard.index] not found. at C:\\xampp\\htdocs\\PABW\\TA4\\TemuMakanan\\vendor\\laravel\\framework\\src\\Illuminate\\View\\FileViewFinder.php:138)
[stacktrace]
#0 C:\\xampp\\htdocs\\PABW\\TA4\\TemuMakanan\\vendor\\laravel\\framework\\src\\Illuminate\\View\\FileViewFinder.php(78): Illuminate\\View\\FileViewFinder->findInPaths('dashboard.index', Array)
#1 C:\\xampp\\htdocs\\PABW\\TA4\\TemuMakanan\\vendor\\laravel\\framework\\src\\Illuminate\\View\\Factory.php(150): Illuminate\\View\\FileViewFinder->find('dashboard.index')
#2 C:\\xampp\\htdocs\\PABW\\TA4\\TemuMakanan\\vendor\\laravel\\framework\\src\\Illuminate\\Foundation\\helpers.php(1101): Illuminate\\View\\Factory->make('dashboard.index', Array, Array)
#3 C:\\xampp\\htdocs\\PABW\\TA4\\TemuMakanan\\app\\Http\\Controllers\\RestaurantController.php(58): view('dashboard.index', Array)
#4 C:\\xampp\\htdocs\\PABW\\TA4\\TemuMakanan\\vendor\\laravel\\framework\\src\\Illuminate\\Routing\\ControllerDispatcher.php(46): App\\Http\\Controllers\\RestaurantController->index()
#5 C:\\xampp\\htdocs\\PABW\\TA4\\TemuMakanan\\vendor\\laravel\\framework\\src\\Illuminate\\Routing\\Route.php(265): Illuminate\\Routing\\ControllerDispatcher->dispatch(Object(Illuminate\\Routing\\Route), Object(App\\Http\\Controllers\\RestaurantController), 'index')
#6 C:\\xampp\\htdocs\\PABW\\TA4\\TemuMakanan\\vendor\\laravel\\framework\\src\\Illuminate\\Routing\\Route.php(211): Illuminate\\Routing\\Route->runController()
#7 C:\\xampp\\htdocs\\PABW\\TA4\\TemuMakanan\\vendor\\laravel\\framework\\src\\Illuminate\\Routing\\Router.php(822): Illuminate\\Routing\\Route->run()
#8 C:\\xampp\\htdocs\\PABW\\TA4\\TemuMakanan\\vendor\\laravel\\framework\\src\\Illuminate\\Pipeline\\Pipeline.php(180): Illuminate\\Routing\\Router->Illuminate\\Routing\\{closure}(Object(Illuminate\\Http\\Request))
#9 C:\\xampp\\htdocs\\PABW\\TA4\\TemuMakanan\\vendor\\laravel\\framework\\src\\Illuminate\\Routing\\Middleware\\SubstituteBindings.php(50): Illuminate\\Pipeline\\Pipeline->Illuminate\\Pipeline\\{closure}(Object(Illuminate\\Http\\Request))
#10 C:\\xampp\\htdocs\\PABW\\TA4\\TemuMakanan\\vendor\\laravel\\framework\\src\\Illuminate\\Pipeline\\Pipeline.php(219): Illuminate\\Routing\\Middleware\\SubstituteBindings->handle(Object(Illuminate\\Http\\Request), Object(Closure))
#11 C:\\xampp\\htdocs\\PABW\\TA4\\TemuMakanan\\vendor\\laravel\\framework\\src\\Illuminate\\Foundation\\Http\\Middleware\\VerifyCsrfToken.php(87): Illuminate\\Pipeline\\Pipeline->Illuminate\\Pipeline\\{closure}(Object(Illuminate\\Http\\Request))
#12 C:\\xampp\\htdocs\\PABW\\TA4\\TemuMakanan\\vendor\\laravel\\framework\\src\\Illuminate\\Pipeline\\Pipeline.php(219): Illuminate\\Foundation\\Http\\Middleware\\VerifyCsrfToken->handle(Object(Illuminate\\Http\\Request), Object(Closure))
#13 C:\\xampp\\htdocs\\PABW\\TA4\\TemuMakanan\\vendor\\laravel\\framework\\src\\Illuminate\\View\\Middleware\\ShareErrorsFromSession.php(48): Illuminate\\Pipeline\\Pipeline->Illuminate\\Pipeline\\{closure}(Object(Illuminate\\Http\\Request))
#14 C:\\xampp\\htdocs\\PABW\\TA4\\TemuMakanan\\vendor\\laravel\\framework\\src\\Illuminate\\Pipeline\\Pipeline.php(219): Illuminate\\View\\Middleware\\ShareErrorsFromSession->handle(Object(Illuminate\\Http\\Request), Object(Closure))
#15 C:\\xampp\\htdocs\\PABW\\TA4\\TemuMakanan\\vendor\\laravel\\framework\\src\\Illuminate\\Session\\Middleware\\StartSession.php(120): Illuminate\\Pipeline\\Pipeline->Illuminate\\Pipeline\\{closure}(Object(Illuminate\\Http\\Request))
#16 C:\\xampp\\htdocs\\PABW\\TA4\\TemuMakanan\\vendor\\laravel\\framework\\src\\Illuminate\\Session\\Middleware\\StartSession.php(63): Illuminate\\Session\\Middleware\\StartSession->handleStatefulRequest(Object(Illuminate\\Http\\Request), Object(Illuminate\\Session\\Store), Object(Closure))
#17 C:\\xampp\\htdocs\\PABW\\TA4\\TemuMakanan\\vendor\\laravel\\framework\\src\\Illuminate\\Pipeline\\Pipeline.php(219): Illuminate\\Session\\Middleware\\StartSession->handle(Object(Illuminate\\Http\\Request), Object(Closure))
#18 C:\\xampp\\htdocs\\PABW\\TA4\\TemuMakanan\\vendor\\laravel\\framework\\src\\Illuminate\\Cookie\\Middleware\\AddQueuedCookiesToResponse.php(36): Illuminate\\Pipeline\\Pipeline->Illuminate\\Pipeline\\{closure}(Object(Illuminate\\Http\\Request))
#19 C:\\xampp\\htdocs\\PABW\\TA4\\TemuMakanan\\vendor\\laravel\\framework\\src\\Illuminate\\Pipeline\\Pipeline.php(219): Illuminate\\Cookie\\Middleware\\AddQueuedCookiesToResponse->handle(Object(Illuminate\\Http\\Request), Object(Closure))
#20 C:\\xampp\\htdocs\\PABW\\TA4\\TemuMakanan\\vendor\\laravel\\framework\\src\\Illuminate\\Cookie\\Middleware\\EncryptCookies.php(74): Illuminate\\Pipeline\\Pipeline->Illuminate\\Pipeline\\{closure}(Object(Illuminate\\Http\\Request))
#21 C:\\xampp\\htdocs\\PABW\\TA4\\TemuMakanan\\vendor\\laravel\\framework\\src\\Illuminate\\Pipeline\\Pipeline.php(219): Illuminate\\Cookie\\Middleware\\EncryptCookies->handle(Object(Illuminate\\Http\\Request), Object(Closure))
#22 C:\\xampp\\htdocs\\PABW\\TA4\\TemuMakanan\\vendor\\laravel\\framework\\src\\Illuminate\\Pipeline\\Pipeline.php(137): Illuminate\\Pipeline\\Pipeline->Illuminate\\Pipeline\\{closure}(Object(Illuminate\\Http\\Request))
#23 C:\\xampp\\htdocs\\PABW\\TA4\\TemuMakanan\\vendor\\laravel\\framework\\src\\Illuminate\\Routing\\Router.php(821): Illuminate\\Pipeline\\Pipeline->then(Object(Closure))
#24 C:\\xampp\\htdocs\\PABW\\TA4\\TemuMakanan\\vendor\\laravel\\framework\\src\\Illuminate\\Routing\\Router.php(800): Illuminate\\Routing\\Router->runRouteWithinStack(Object(Illuminate\\Routing\\Route), Object(Illuminate\\Http\\Request))
#25 C:\\xampp\\htdocs\\PABW\\TA4\\TemuMakanan\\vendor\\laravel\\framework\\src\\Illuminate\\Routing\\Router.php(764): Illuminate\\Routing\\Router->runRoute(Object(Illuminate\\Http\\Request), Object(Illuminate\\Routing\\Route))
#26 C:\\xampp\\htdocs\\PABW\\TA4\\TemuMakanan\\vendor\\laravel\\framework\\src\\Illuminate\\Routing\\Router.php(753): Illuminate\\Routing\\Router->dispatchToRoute(Object(Illuminate\\Http\\Request))
#27 C:\\xampp\\htdocs\\PABW\\TA4\\TemuMakanan\\vendor\\laravel\\framework\\src\\Illuminate\\Foundation\\Http\\Kernel.php(200): Illuminate\\Routing\\Router->dispatch(Object(Illuminate\\Http\\Request))
#28 C:\\xampp\\htdocs\\PABW\\TA4\\TemuMakanan\\vendor\\laravel\\framework\\src\\Illuminate\\Pipeline\\Pipeline.php(180): Illuminate\\Foundation\\Http\\Kernel->Illuminate\\Foundation\\Http\\{closure}(Object(Illuminate\\Http\\Request))
#29 C:\\xampp\\htdocs\\PABW\\TA4\\TemuMakanan\\vendor\\laravel\\framework\\src\\Illuminate\\Foundation\\Http\\Middleware\\TransformsRequest.php(21): Illuminate\\Pipeline\\Pipeline->Illuminate\\Pipeline\\{closure}(Object(Illuminate\\Http\\Request))
#30 C:\\xampp\\htdocs\\PABW\\TA4\\TemuMakanan\\vendor\\laravel\\framework\\src\\Illuminate\\Foundation\\Http\\Middleware\\ConvertEmptyStringsToNull.php(31): Illuminate\\Foundation\\Http\\Middleware\\TransformsRequest->handle(Object(Illuminate\\Http\\Request), Object(Closure))
#31 C:\\xampp\\htdocs\\PABW\\TA4\\TemuMakanan\\vendor\\laravel\\framework\\src\\Illuminate\\Pipeline\\Pipeline.php(219): Illuminate\\Foundation\\Http\\Middleware\\ConvertEmptyStringsToNull->handle(Object(Illuminate\\Http\\Request), Object(Closure))
#32 C:\\xampp\\htdocs\\PABW\\TA4\\TemuMakanan\\vendor\\laravel\\framework\\src\\Illuminate\\Foundation\\Http\\Middleware\\TransformsRequest.php(21): Illuminate\\Pipeline\\Pipeline->Illuminate\\Pipeline\\{closure}(Object(Illuminate\\Http\\Request))
#33 C:\\xampp\\htdocs\\PABW\\TA4\\TemuMakanan\\vendor\\laravel\\framework\\src\\Illuminate\\Foundation\\Http\\Middleware\\TrimStrings.php(51): Illuminate\\Foundation\\Http\\Middleware\\TransformsRequest->handle(Object(Illuminate\\Http\\Request), Object(Closure))
#34 C:\\xampp\\htdocs\\PABW\\TA4\\TemuMakanan\\vendor\\laravel\\framework\\src\\Illuminate\\Pipeline\\Pipeline.php(219): Illuminate\\Foundation\\Http\\Middleware\\TrimStrings->handle(Object(Illuminate\\Http\\Request), Object(Closure))
#35 C:\\xampp\\htdocs\\PABW\\TA4\\TemuMakanan\\vendor\\laravel\\framework\\src\\Illuminate\\Http\\Middleware\\ValidatePostSize.php(27): Illuminate\\Pipeline\\Pipeline->Illuminate\\Pipeline\\{closure}(Object(Illuminate\\Http\\Request))
#36 C:\\xampp\\htdocs\\PABW\\TA4\\TemuMakanan\\vendor\\laravel\\framework\\src\\Illuminate\\Pipeline\\Pipeline.php(219): Illuminate\\Http\\Middleware\\ValidatePostSize->handle(Object(Illuminate\\Http\\Request), Object(Closure))
#37 C:\\xampp\\htdocs\\PABW\\TA4\\TemuMakanan\\vendor\\laravel\\framework\\src\\Illuminate\\Foundation\\Http\\Middleware\\PreventRequestsDuringMaintenance.php(109): Illuminate\\Pipeline\\Pipeline->Illuminate\\Pipeline\\{closure}(Object(Illuminate\\Http\\Request))
#38 C:\\xampp\\htdocs\\PABW\\TA4\\TemuMakanan\\vendor\\laravel\\framework\\src\\Illuminate\\Pipeline\\Pipeline.php(219): Illuminate\\Foundation\\Http\\Middleware\\PreventRequestsDuringMaintenance->handle(Object(Illuminate\\Http\\Request), Object(Closure))
#39 C:\\xampp\\htdocs\\PABW\\TA4\\TemuMakanan\\vendor\\laravel\\framework\\src\\Illuminate\\Http\\Middleware\\HandleCors.php(48): Illuminate\\Pipeline\\Pipeline->Illuminate\\Pipeline\\{closure}(Object(Illuminate\\Http\\Request))
#40 C:\\xampp\\htdocs\\PABW\\TA4\\TemuMakanan\\vendor\\laravel\\framework\\src\\Illuminate\\Pipeline\\Pipeline.php(219): Illuminate\\Http\\Middleware\\HandleCors->handle(Object(Illuminate\\Http\\Request), Object(Closure))
#41 C:\\xampp\\htdocs\\PABW\\TA4\\TemuMakanan\\vendor\\laravel\\framework\\src\\Illuminate\\Http\\Middleware\\TrustProxies.php(58): Illuminate\\Pipeline\\Pipeline->Illuminate\\Pipeline\\{closure}(Object(Illuminate\\Http\\Request))
#42 C:\\xampp\\htdocs\\PABW\\TA4\\TemuMakanan\\vendor\\laravel\\framework\\src\\Illuminate\\Pipeline\\Pipeline.php(219): Illuminate\\Http\\Middleware\\TrustProxies->handle(Object(Illuminate\\Http\\Request), Object(Closure))
#43 C:\\xampp\\htdocs\\PABW\\TA4\\TemuMakanan\\vendor\\laravel\\framework\\src\\Illuminate\\Foundation\\Http\\Middleware\\InvokeDeferredCallbacks.php(22): Illuminate\\Pipeline\\Pipeline->Illuminate\\Pipeline\\{closure}(Object(Illuminate\\Http\\Request))
#44 C:\\xampp\\htdocs\\PABW\\TA4\\TemuMakanan\\vendor\\laravel\\framework\\src\\Illuminate\\Pipeline\\Pipeline.php(219): Illuminate\\Foundation\\Http\\Middleware\\InvokeDeferredCallbacks->handle(Object(Illuminate\\Http\\Request), Object(Closure))
#45 C:\\xampp\\htdocs\\PABW\\TA4\\TemuMakanan\\vendor\\laravel\\framework\\src\\Illuminate\\Http\\Middleware\\ValidatePathEncoding.php(26): Illuminate\\Pipeline\\Pipeline->Illuminate\\Pipeline\\{closure}(Object(Illuminate\\Http\\Request))
#46 C:\\xampp\\htdocs\\PABW\\TA4\\TemuMakanan\\vendor\\laravel\\framework\\src\\Illuminate\\Pipeline\\Pipeline.php(219): Illuminate\\Http\\Middleware\\ValidatePathEncoding->handle(Object(Illuminate\\Http\\Request), Object(Closure))
#47 C:\\xampp\\htdocs\\PABW\\TA4\\TemuMakanan\\vendor\\laravel\\framework\\src\\Illuminate\\Pipeline\\Pipeline.php(137): Illuminate\\Pipeline\\Pipeline->Illuminate\\Pipeline\\{closure}(Object(Illuminate\\Http\\Request))
#48 C:\\xampp\\htdocs\\PABW\\TA4\\TemuMakanan\\vendor\\laravel\\framework\\src\\Illuminate\\Foundation\\Http\\Kernel.php(175): Illuminate\\Pipeline\\Pipeline->then(Object(Closure))
#49 C:\\xampp\\htdocs\\PABW\\TA4\\TemuMakanan\\vendor\\laravel\\framework\\src\\Illuminate\\Foundation\\Http\\Kernel.php(144): Illuminate\\Foundation\\Http\\Kernel->sendRequestThroughRouter(Object(Illuminate\\Http\\Request))
#50 C:\\xampp\\htdocs\\PABW\\TA4\\TemuMakanan\\vendor\\laravel\\framework\\src\\Illuminate\\Foundation\\Application.php(1220): Illuminate\\Foundation\\Http\\Kernel->handle(Object(Illuminate\\Http\\Request))
#51 C:\\xampp\\htdocs\\PABW\\TA4\\TemuMakanan\\public\\index.php(20): Illuminate\\Foundation\\Application->handleRequest(Object(Illuminate\\Http\\Request))
#52 C:\\xampp\\htdocs\\PABW\\TA4\\TemuMakanan\\vendor\\laravel\\framework\\src\\Illuminate\\Foundation\\resources\\server.php(23): require_once('C:\\\\xampp\\\\htdocs...')
#53 {main}
"} 
[2025-10-14 19:37:24] local.ERROR: View [dashboard.index] not found. {"exception":"[object] (InvalidArgumentException(code: 0): View [dashboard.index] not found. at C:\\xampp\\htdocs\\PABW\\TA4\\TemuMakanan\\vendor\\laravel\\framework\\src\\Illuminate\\View\\FileViewFinder.php:138)
[stacktrace]
#0 C:\\xampp\\htdocs\\PABW\\TA4\\TemuMakanan\\vendor\\laravel\\framework\\src\\Illuminate\\View\\FileViewFinder.php(78): Illuminate\\View\\FileViewFinder->findInPaths('dashboard.index', Array)
#1 C:\\xampp\\htdocs\\PABW\\TA4\\TemuMakanan\\vendor\\laravel\\framework\\src\\Illuminate\\View\\Factory.php(150): Illuminate\\View\\FileViewFinder->find('dashboard.index')
#2 C:\\xampp\\htdocs\\PABW\\TA4\\TemuMakanan\\vendor\\laravel\\framework\\src\\Illuminate\\Foundation\\helpers.php(1101): Illuminate\\View\\Factory->make('dashboard.index', Array, Array)
#3 C:\\xampp\\htdocs\\PABW\\TA4\\TemuMakanan\\app\\Http\\Controllers\\RestaurantController.php(58): view('dashboard.index', Array)
#4 C:\\xampp\\htdocs\\PABW\\TA4\\TemuMakanan\\vendor\\laravel\\framework\\src\\Illuminate\\Routing\\ControllerDispatcher.php(46): App\\Http\\Controllers\\RestaurantController->index()
#5 C:\\xampp\\htdocs\\PABW\\TA4\\TemuMakanan\\vendor\\laravel\\framework\\src\\Illuminate\\Routing\\Route.php(265): Illuminate\\Routing\\ControllerDispatcher->dispatch(Object(Illuminate\\Routing\\Route), Object(App\\Http\\Controllers\\RestaurantController), 'index')
#6 C:\\xampp\\htdocs\\PABW\\TA4\\TemuMakanan\\vendor\\laravel\\framework\\src\\Illuminate\\Routing\\Route.php(211): Illuminate\\Routing\\Route->runController()
#7 C:\\xampp\\htdocs\\PABW\\TA4\\TemuMakanan\\vendor\\laravel\\framework\\src\\Illuminate\\Routing\\Router.php(822): Illuminate\\Routing\\Route->run()
#8 C:\\xampp\\htdocs\\PABW\\TA4\\TemuMakanan\\vendor\\laravel\\framework\\src\\Illuminate\\Pipeline\\Pipeline.php(180): Illuminate\\Routing\\Router->Illuminate\\Routing\\{closure}(Object(Illuminate\\Http\\Request))
#9 C:\\xampp\\htdocs\\PABW\\TA4\\TemuMakanan\\vendor\\laravel\\framework\\src\\Illuminate\\Routing\\Middleware\\SubstituteBindings.php(50): Illuminate\\Pipeline\\Pipeline->Illuminate\\Pipeline\\{closure}(Object(Illuminate\\Http\\Request))
#10 C:\\xampp\\htdocs\\PABW\\TA4\\TemuMakanan\\vendor\\laravel\\framework\\src\\Illuminate\\Pipeline\\Pipeline.php(219): Illuminate\\Routing\\Middleware\\SubstituteBindings->handle(Object(Illuminate\\Http\\Request), Object(Closure))
#11 C:\\xampp\\htdocs\\PABW\\TA4\\TemuMakanan\\vendor\\laravel\\framework\\src\\Illuminate\\Foundation\\Http\\Middleware\\VerifyCsrfToken.php(87): Illuminate\\Pipeline\\Pipeline->Illuminate\\Pipeline\\{closure}(Object(Illuminate\\Http\\Request))
#12 C:\\xampp\\htdocs\\PABW\\TA4\\TemuMakanan\\vendor\\laravel\\framework\\src\\Illuminate\\Pipeline\\Pipeline.php(219): Illuminate\\Foundation\\Http\\Middleware\\VerifyCsrfToken->handle(Object(Illuminate\\Http\\Request), Object(Closure))
#13 C:\\xampp\\htdocs\\PABW\\TA4\\TemuMakanan\\vendor\\laravel\\framework\\src\\Illuminate\\View\\Middleware\\ShareErrorsFromSession.php(48): Illuminate\\Pipeline\\Pipeline->Illuminate\\Pipeline\\{closure}(Object(Illuminate\\Http\\Request))
#14 C:\\xampp\\htdocs\\PABW\\TA4\\TemuMakanan\\vendor\\laravel\\framework\\src\\Illuminate\\Pipeline\\Pipeline.php(219): Illuminate\\View\\Middleware\\ShareErrorsFromSession->handle(Object(Illuminate\\Http\\Request), Object(Closure))
#15 C:\\xampp\\htdocs\\PABW\\TA4\\TemuMakanan\\vendor\\laravel\\framework\\src\\Illuminate\\Session\\Middleware\\StartSession.php(120): Illuminate\\Pipeline\\Pipeline->Illuminate\\Pipeline\\{closure}(Object(Illuminate\\Http\\Request))
#16 C:\\xampp\\htdocs\\PABW\\TA4\\TemuMakanan\\vendor\\laravel\\framework\\src\\Illuminate\\Session\\Middleware\\StartSession.php(63): Illuminate\\Session\\Middleware\\StartSession->handleStatefulRequest(Object(Illuminate\\Http\\Request), Object(Illuminate\\Session\\Store), Object(Closure))
#17 C:\\xampp\\htdocs\\PABW\\TA4\\TemuMakanan\\vendor\\laravel\\framework\\src\\Illuminate\\Pipeline\\Pipeline.php(219): Illuminate\\Session\\Middleware\\StartSession->handle(Object(Illuminate\\Http\\Request), Object(Closure))
#18 C:\\xampp\\htdocs\\PABW\\TA4\\TemuMakanan\\vendor\\laravel\\framework\\src\\Illuminate\\Cookie\\Middleware\\AddQueuedCookiesToResponse.php(36): Illuminate\\Pipeline\\Pipeline->Illuminate\\Pipeline\\{closure}(Object(Illuminate\\Http\\Request))
#19 C:\\xampp\\htdocs\\PABW\\TA4\\TemuMakanan\\vendor\\laravel\\framework\\src\\Illuminate\\Pipeline\\Pipeline.php(219): Illuminate\\Cookie\\Middleware\\AddQueuedCookiesToResponse->handle(Object(Illuminate\\Http\\Request), Object(Closure))
#20 C:\\xampp\\htdocs\\PABW\\TA4\\TemuMakanan\\vendor\\laravel\\framework\\src\\Illuminate\\Cookie\\Middleware\\EncryptCookies.php(74): Illuminate\\Pipeline\\Pipeline->Illuminate\\Pipeline\\{closure}(Object(Illuminate\\Http\\Request))
#21 C:\\xampp\\htdocs\\PABW\\TA4\\TemuMakanan\\vendor\\laravel\\framework\\src\\Illuminate\\Pipeline\\Pipeline.php(219): Illuminate\\Cookie\\Middleware\\EncryptCookies->handle(Object(Illuminate\\Http\\Request), Object(Closure))
#22 C:\\xampp\\htdocs\\PABW\\TA4\\TemuMakanan\\vendor\\laravel\\framework\\src\\Illuminate\\Pipeline\\Pipeline.php(137): Illuminate\\Pipeline\\Pipeline->Illuminate\\Pipeline\\{closure}(Object(Illuminate\\Http\\Request))
#23 C:\\xampp\\htdocs\\PABW\\TA4\\TemuMakanan\\vendor\\laravel\\framework\\src\\Illuminate\\Routing\\Router.php(821): Illuminate\\Pipeline\\Pipeline->then(Object(Closure))
#24 C:\\xampp\\htdocs\\PABW\\TA4\\TemuMakanan\\vendor\\laravel\\framework\\src\\Illuminate\\Routing\\Router.php(800): Illuminate\\Routing\\Router->runRouteWithinStack(Object(Illuminate\\Routing\\Route), Object(Illuminate\\Http\\Request))
#25 C:\\xampp\\htdocs\\PABW\\TA4\\TemuMakanan\\vendor\\laravel\\framework\\src\\Illuminate\\Routing\\Router.php(764): Illuminate\\Routing\\Router->runRoute(Object(Illuminate\\Http\\Request), Object(Illuminate\\Routing\\Route))
#26 C:\\xampp\\htdocs\\PABW\\TA4\\TemuMakanan\\vendor\\laravel\\framework\\src\\Illuminate\\Routing\\Router.php(753): Illuminate\\Routing\\Router->dispatchToRoute(Object(Illuminate\\Http\\Request))
#27 C:\\xampp\\htdocs\\PABW\\TA4\\TemuMakanan\\vendor\\laravel\\framework\\src\\Illuminate\\Foundation\\Http\\Kernel.php(200): Illuminate\\Routing\\Router->dispatch(Object(Illuminate\\Http\\Request))
#28 C:\\xampp\\htdocs\\PABW\\TA4\\TemuMakanan\\vendor\\laravel\\framework\\src\\Illuminate\\Pipeline\\Pipeline.php(180): Illuminate\\Foundation\\Http\\Kernel->Illuminate\\Foundation\\Http\\{closure}(Object(Illuminate\\Http\\Request))
#29 C:\\xampp\\htdocs\\PABW\\TA4\\TemuMakanan\\vendor\\laravel\\framework\\src\\Illuminate\\Foundation\\Http\\Middleware\\TransformsRequest.php(21): Illuminate\\Pipeline\\Pipeline->Illuminate\\Pipeline\\{closure}(Object(Illuminate\\Http\\Request))
#30 C:\\xampp\\htdocs\\PABW\\TA4\\TemuMakanan\\vendor\\laravel\\framework\\src\\Illuminate\\Foundation\\Http\\Middleware\\ConvertEmptyStringsToNull.php(31): Illuminate\\Foundation\\Http\\Middleware\\TransformsRequest->handle(Object(Illuminate\\Http\\Request), Object(Closure))
#31 C:\\xampp\\htdocs\\PABW\\TA4\\TemuMakanan\\vendor\\laravel\\framework\\src\\Illuminate\\Pipeline\\Pipeline.php(219): Illuminate\\Foundation\\Http\\Middleware\\ConvertEmptyStringsToNull->handle(Object(Illuminate\\Http\\Request), Object(Closure))
#32 C:\\xampp\\htdocs\\PABW\\TA4\\TemuMakanan\\vendor\\laravel\\framework\\src\\Illuminate\\Foundation\\Http\\Middleware\\TransformsRequest.php(21): Illuminate\\Pipeline\\Pipeline->Illuminate\\Pipeline\\{closure}(Object(Illuminate\\Http\\Request))
#33 C:\\xampp\\htdocs\\PABW\\TA4\\TemuMakanan\\vendor\\laravel\\framework\\src\\Illuminate\\Foundation\\Http\\Middleware\\TrimStrings.php(51): Illuminate\\Foundation\\Http\\Middleware\\TransformsRequest->handle(Object(Illuminate\\Http\\Request), Object(Closure))
#34 C:\\xampp\\htdocs\\PABW\\TA4\\TemuMakanan\\vendor\\laravel\\framework\\src\\Illuminate\\Pipeline\\Pipeline.php(219): Illuminate\\Foundation\\Http\\Middleware\\TrimStrings->handle(Object(Illuminate\\Http\\Request), Object(Closure))
#35 C:\\xampp\\htdocs\\PABW\\TA4\\TemuMakanan\\vendor\\laravel\\framework\\src\\Illuminate\\Http\\Middleware\\ValidatePostSize.php(27): Illuminate\\Pipeline\\Pipeline->Illuminate\\Pipeline\\{closure}(Object(Illuminate\\Http\\Request))
#36 C:\\xampp\\htdocs\\PABW\\TA4\\TemuMakanan\\vendor\\laravel\\framework\\src\\Illuminate\\Pipeline\\Pipeline.php(219): Illuminate\\Http\\Middleware\\ValidatePostSize->handle(Object(Illuminate\\Http\\Request), Object(Closure))
#37 C:\\xampp\\htdocs\\PABW\\TA4\\TemuMakanan\\vendor\\laravel\\framework\\src\\Illuminate\\Foundation\\Http\\Middleware\\PreventRequestsDuringMaintenance.php(109): Illuminate\\Pipeline\\Pipeline->Illuminate\\Pipeline\\{closure}(Object(Illuminate\\Http\\Request))
#38 C:\\xampp\\htdocs\\PABW\\TA4\\TemuMakanan\\vendor\\laravel\\framework\\src\\Illuminate\\Pipeline\\Pipeline.php(219): Illuminate\\Foundation\\Http\\Middleware\\PreventRequestsDuringMaintenance->handle(Object(Illuminate\\Http\\Request), Object(Closure))
#39 C:\\xampp\\htdocs\\PABW\\TA4\\TemuMakanan\\vendor\\laravel\\framework\\src\\Illuminate\\Http\\Middleware\\HandleCors.php(48): Illuminate\\Pipeline\\Pipeline->Illuminate\\Pipeline\\{closure}(Object(Illuminate\\Http\\Request))
#40 C:\\xampp\\htdocs\\PABW\\TA4\\TemuMakanan\\vendor\\laravel\\framework\\src\\Illuminate\\Pipeline\\Pipeline.php(219): Illuminate\\Http\\Middleware\\HandleCors->handle(Object(Illuminate\\Http\\Request), Object(Closure))
#41 C:\\xampp\\htdocs\\PABW\\TA4\\TemuMakanan\\vendor\\laravel\\framework\\src\\Illuminate\\Http\\Middleware\\TrustProxies.php(58): Illuminate\\Pipeline\\Pipeline->Illuminate\\Pipeline\\{closure}(Object(Illuminate\\Http\\Request))
#42 C:\\xampp\\htdocs\\PABW\\TA4\\TemuMakanan\\vendor\\laravel\\framework\\src\\Illuminate\\Pipeline\\Pipeline.php(219): Illuminate\\Http\\Middleware\\TrustProxies->handle(Object(Illuminate\\Http\\Request), Object(Closure))
#43 C:\\xampp\\htdocs\\PABW\\TA4\\TemuMakanan\\vendor\\laravel\\framework\\src\\Illuminate\\Foundation\\Http\\Middleware\\InvokeDeferredCallbacks.php(22): Illuminate\\Pipeline\\Pipeline->Illuminate\\Pipeline\\{closure}(Object(Illuminate\\Http\\Request))
#44 C:\\xampp\\htdocs\\PABW\\TA4\\TemuMakanan\\vendor\\laravel\\framework\\src\\Illuminate\\Pipeline\\Pipeline.php(219): Illuminate\\Foundation\\Http\\Middleware\\InvokeDeferredCallbacks->handle(Object(Illuminate\\Http\\Request), Object(Closure))
#45 C:\\xampp\\htdocs\\PABW\\TA4\\TemuMakanan\\vendor\\laravel\\framework\\src\\Illuminate\\Http\\Middleware\\ValidatePathEncoding.php(26): Illuminate\\Pipeline\\Pipeline->Illuminate\\Pipeline\\{closure}(Object(Illuminate\\Http\\Request))
#46 C:\\xampp\\htdocs\\PABW\\TA4\\TemuMakanan\\vendor\\laravel\\framework\\src\\Illuminate\\Pipeline\\Pipeline.php(219): Illuminate\\Http\\Middleware\\ValidatePathEncoding->handle(Object(Illuminate\\Http\\Request), Object(Closure))
#47 C:\\xampp\\htdocs\\PABW\\TA4\\TemuMakanan\\vendor\\laravel\\framework\\src\\Illuminate\\Pipeline\\Pipeline.php(137): Illuminate\\Pipeline\\Pipeline->Illuminate\\Pipeline\\{closure}(Object(Illuminate\\Http\\Request))
#48 C:\\xampp\\htdocs\\PABW\\TA4\\TemuMakanan\\vendor\\laravel\\framework\\src\\Illuminate\\Foundation\\Http\\Kernel.php(175): Illuminate\\Pipeline\\Pipeline->then(Object(Closure))
#49 C:\\xampp\\htdocs\\PABW\\TA4\\TemuMakanan\\vendor\\laravel\\framework\\src\\Illuminate\\Foundation\\Http\\Kernel.php(144): Illuminate\\Foundation\\Http\\Kernel->sendRequestThroughRouter(Object(Illuminate\\Http\\Request))
#50 C:\\xampp\\htdocs\\PABW\\TA4\\TemuMakanan\\vendor\\laravel\\framework\\src\\Illuminate\\Foundation\\Application.php(1220): Illuminate\\Foundation\\Http\\Kernel->handle(Object(Illuminate\\Http\\Request))
#51 C:\\xampp\\htdocs\\PABW\\TA4\\TemuMakanan\\public\\index.php(20): Illuminate\\Foundation\\Application->handleRequest(Object(Illuminate\\Http\\Request))
#52 C:\\xampp\\htdocs\\PABW\\TA4\\TemuMakanan\\vendor\\laravel\\framework\\src\\Illuminate\\Foundation\\resources\\server.php(23): require_once('C:\\\\xampp\\\\htdocs...')
#53 {main}
"} 
[2025-10-14 19:37:26] local.ERROR: View [dashboard.index] not found. {"exception":"[object] (InvalidArgumentException(code: 0): View [dashboard.index] not found. at C:\\xampp\\htdocs\\PABW\\TA4\\TemuMakanan\\vendor\\laravel\\framework\\src\\Illuminate\\View\\FileViewFinder.php:138)
[stacktrace]
#0 C:\\xampp\\htdocs\\PABW\\TA4\\TemuMakanan\\vendor\\laravel\\framework\\src\\Illuminate\\View\\FileViewFinder.php(78): Illuminate\\View\\FileViewFinder->findInPaths('dashboard.index', Array)
#1 C:\\xampp\\htdocs\\PABW\\TA4\\TemuMakanan\\vendor\\laravel\\framework\\src\\Illuminate\\View\\Factory.php(150): Illuminate\\View\\FileViewFinder->find('dashboard.index')
#2 C:\\xampp\\htdocs\\PABW\\TA4\\TemuMakanan\\vendor\\laravel\\framework\\src\\Illuminate\\Foundation\\helpers.php(1101): Illuminate\\View\\Factory->make('dashboard.index', Array, Array)
#3 C:\\xampp\\htdocs\\PABW\\TA4\\TemuMakanan\\app\\Http\\Controllers\\RestaurantController.php(58): view('dashboard.index', Array)
#4 C:\\xampp\\htdocs\\PABW\\TA4\\TemuMakanan\\vendor\\laravel\\framework\\src\\Illuminate\\Routing\\ControllerDispatcher.php(46): App\\Http\\Controllers\\RestaurantController->index()
#5 C:\\xampp\\htdocs\\PABW\\TA4\\TemuMakanan\\vendor\\laravel\\framework\\src\\Illuminate\\Routing\\Route.php(265): Illuminate\\Routing\\ControllerDispatcher->dispatch(Object(Illuminate\\Routing\\Route), Object(App\\Http\\Controllers\\RestaurantController), 'index')
#6 C:\\xampp\\htdocs\\PABW\\TA4\\TemuMakanan\\vendor\\laravel\\framework\\src\\Illuminate\\Routing\\Route.php(211): Illuminate\\Routing\\Route->runController()
#7 C:\\xampp\\htdocs\\PABW\\TA4\\TemuMakanan\\vendor\\laravel\\framework\\src\\Illuminate\\Routing\\Router.php(822): Illuminate\\Routing\\Route->run()
#8 C:\\xampp\\htdocs\\PABW\\TA4\\TemuMakanan\\vendor\\laravel\\framework\\src\\Illuminate\\Pipeline\\Pipeline.php(180): Illuminate\\Routing\\Router->Illuminate\\Routing\\{closure}(Object(Illuminate\\Http\\Request))
#9 C:\\xampp\\htdocs\\PABW\\TA4\\TemuMakanan\\vendor\\laravel\\framework\\src\\Illuminate\\Routing\\Middleware\\SubstituteBindings.php(50): Illuminate\\Pipeline\\Pipeline->Illuminate\\Pipeline\\{closure}(Object(Illuminate\\Http\\Request))
#10 C:\\xampp\\htdocs\\PABW\\TA4\\TemuMakanan\\vendor\\laravel\\framework\\src\\Illuminate\\Pipeline\\Pipeline.php(219): Illuminate\\Routing\\Middleware\\SubstituteBindings->handle(Object(Illuminate\\Http\\Request), Object(Closure))
#11 C:\\xampp\\htdocs\\PABW\\TA4\\TemuMakanan\\vendor\\laravel\\framework\\src\\Illuminate\\Foundation\\Http\\Middleware\\VerifyCsrfToken.php(87): Illuminate\\Pipeline\\Pipeline->Illuminate\\Pipeline\\{closure}(Object(Illuminate\\Http\\Request))
#12 C:\\xampp\\htdocs\\PABW\\TA4\\TemuMakanan\\vendor\\laravel\\framework\\src\\Illuminate\\Pipeline\\Pipeline.php(219): Illuminate\\Foundation\\Http\\Middleware\\VerifyCsrfToken->handle(Object(Illuminate\\Http\\Request), Object(Closure))
#13 C:\\xampp\\htdocs\\PABW\\TA4\\TemuMakanan\\vendor\\laravel\\framework\\src\\Illuminate\\View\\Middleware\\ShareErrorsFromSession.php(48): Illuminate\\Pipeline\\Pipeline->Illuminate\\Pipeline\\{closure}(Object(Illuminate\\Http\\Request))
#14 C:\\xampp\\htdocs\\PABW\\TA4\\TemuMakanan\\vendor\\laravel\\framework\\src\\Illuminate\\Pipeline\\Pipeline.php(219): Illuminate\\View\\Middleware\\ShareErrorsFromSession->handle(Object(Illuminate\\Http\\Request), Object(Closure))
#15 C:\\xampp\\htdocs\\PABW\\TA4\\TemuMakanan\\vendor\\laravel\\framework\\src\\Illuminate\\Session\\Middleware\\StartSession.php(120): Illuminate\\Pipeline\\Pipeline->Illuminate\\Pipeline\\{closure}(Object(Illuminate\\Http\\Request))
#16 C:\\xampp\\htdocs\\PABW\\TA4\\TemuMakanan\\vendor\\laravel\\framework\\src\\Illuminate\\Session\\Middleware\\StartSession.php(63): Illuminate\\Session\\Middleware\\StartSession->handleStatefulRequest(Object(Illuminate\\Http\\Request), Object(Illuminate\\Session\\Store), Object(Closure))
#17 C:\\xampp\\htdocs\\PABW\\TA4\\TemuMakanan\\vendor\\laravel\\framework\\src\\Illuminate\\Pipeline\\Pipeline.php(219): Illuminate\\Session\\Middleware\\StartSession->handle(Object(Illuminate\\Http\\Request), Object(Closure))
#18 C:\\xampp\\htdocs\\PABW\\TA4\\TemuMakanan\\vendor\\laravel\\framework\\src\\Illuminate\\Cookie\\Middleware\\AddQueuedCookiesToResponse.php(36): Illuminate\\Pipeline\\Pipeline->Illuminate\\Pipeline\\{closure}(Object(Illuminate\\Http\\Request))
#19 C:\\xampp\\htdocs\\PABW\\TA4\\TemuMakanan\\vendor\\laravel\\framework\\src\\Illuminate\\Pipeline\\Pipeline.php(219): Illuminate\\Cookie\\Middleware\\AddQueuedCookiesToResponse->handle(Object(Illuminate\\Http\\Request), Object(Closure))
#20 C:\\xampp\\htdocs\\PABW\\TA4\\TemuMakanan\\vendor\\laravel\\framework\\src\\Illuminate\\Cookie\\Middleware\\EncryptCookies.php(74): Illuminate\\Pipeline\\Pipeline->Illuminate\\Pipeline\\{closure}(Object(Illuminate\\Http\\Request))
#21 C:\\xampp\\htdocs\\PABW\\TA4\\TemuMakanan\\vendor\\laravel\\framework\\src\\Illuminate\\Pipeline\\Pipeline.php(219): Illuminate\\Cookie\\Middleware\\EncryptCookies->handle(Object(Illuminate\\Http\\Request), Object(Closure))
#22 C:\\xampp\\htdocs\\PABW\\TA4\\TemuMakanan\\vendor\\laravel\\framework\\src\\Illuminate\\Pipeline\\Pipeline.php(137): Illuminate\\Pipeline\\Pipeline->Illuminate\\Pipeline\\{closure}(Object(Illuminate\\Http\\Request))
#23 C:\\xampp\\htdocs\\PABW\\TA4\\TemuMakanan\\vendor\\laravel\\framework\\src\\Illuminate\\Routing\\Router.php(821): Illuminate\\Pipeline\\Pipeline->then(Object(Closure))
#24 C:\\xampp\\htdocs\\PABW\\TA4\\TemuMakanan\\vendor\\laravel\\framework\\src\\Illuminate\\Routing\\Router.php(800): Illuminate\\Routing\\Router->runRouteWithinStack(Object(Illuminate\\Routing\\Route), Object(Illuminate\\Http\\Request))
#25 C:\\xampp\\htdocs\\PABW\\TA4\\TemuMakanan\\vendor\\laravel\\framework\\src\\Illuminate\\Routing\\Router.php(764): Illuminate\\Routing\\Router->runRoute(Object(Illuminate\\Http\\Request), Object(Illuminate\\Routing\\Route))
#26 C:\\xampp\\htdocs\\PABW\\TA4\\TemuMakanan\\vendor\\laravel\\framework\\src\\Illuminate\\Routing\\Router.php(753): Illuminate\\Routing\\Router->dispatchToRoute(Object(Illuminate\\Http\\Request))
#27 C:\\xampp\\htdocs\\PABW\\TA4\\TemuMakanan\\vendor\\laravel\\framework\\src\\Illuminate\\Foundation\\Http\\Kernel.php(200): Illuminate\\Routing\\Router->dispatch(Object(Illuminate\\Http\\Request))
#28 C:\\xampp\\htdocs\\PABW\\TA4\\TemuMakanan\\vendor\\laravel\\framework\\src\\Illuminate\\Pipeline\\Pipeline.php(180): Illuminate\\Foundation\\Http\\Kernel->Illuminate\\Foundation\\Http\\{closure}(Object(Illuminate\\Http\\Request))
#29 C:\\xampp\\htdocs\\PABW\\TA4\\TemuMakanan\\vendor\\laravel\\framework\\src\\Illuminate\\Foundation\\Http\\Middleware\\TransformsRequest.php(21): Illuminate\\Pipeline\\Pipeline->Illuminate\\Pipeline\\{closure}(Object(Illuminate\\Http\\Request))
#30 C:\\xampp\\htdocs\\PABW\\TA4\\TemuMakanan\\vendor\\laravel\\framework\\src\\Illuminate\\Foundation\\Http\\Middleware\\ConvertEmptyStringsToNull.php(31): Illuminate\\Foundation\\Http\\Middleware\\TransformsRequest->handle(Object(Illuminate\\Http\\Request), Object(Closure))
#31 C:\\xampp\\htdocs\\PABW\\TA4\\TemuMakanan\\vendor\\laravel\\framework\\src\\Illuminate\\Pipeline\\Pipeline.php(219): Illuminate\\Foundation\\Http\\Middleware\\ConvertEmptyStringsToNull->handle(Object(Illuminate\\Http\\Request), Object(Closure))
#32 C:\\xampp\\htdocs\\PABW\\TA4\\TemuMakanan\\vendor\\laravel\\framework\\src\\Illuminate\\Foundation\\Http\\Middleware\\TransformsRequest.php(21): Illuminate\\Pipeline\\Pipeline->Illuminate\\Pipeline\\{closure}(Object(Illuminate\\Http\\Request))
#33 C:\\xampp\\htdocs\\PABW\\TA4\\TemuMakanan\\vendor\\laravel\\framework\\src\\Illuminate\\Foundation\\Http\\Middleware\\TrimStrings.php(51): Illuminate\\Foundation\\Http\\Middleware\\TransformsRequest->handle(Object(Illuminate\\Http\\Request), Object(Closure))
#34 C:\\xampp\\htdocs\\PABW\\TA4\\TemuMakanan\\vendor\\laravel\\framework\\src\\Illuminate\\Pipeline\\Pipeline.php(219): Illuminate\\Foundation\\Http\\Middleware\\TrimStrings->handle(Object(Illuminate\\Http\\Request), Object(Closure))
#35 C:\\xampp\\htdocs\\PABW\\TA4\\TemuMakanan\\vendor\\laravel\\framework\\src\\Illuminate\\Http\\Middleware\\ValidatePostSize.php(27): Illuminate\\Pipeline\\Pipeline->Illuminate\\Pipeline\\{closure}(Object(Illuminate\\Http\\Request))
#36 C:\\xampp\\htdocs\\PABW\\TA4\\TemuMakanan\\vendor\\laravel\\framework\\src\\Illuminate\\Pipeline\\Pipeline.php(219): Illuminate\\Http\\Middleware\\ValidatePostSize->handle(Object(Illuminate\\Http\\Request), Object(Closure))
#37 C:\\xampp\\htdocs\\PABW\\TA4\\TemuMakanan\\vendor\\laravel\\framework\\src\\Illuminate\\Foundation\\Http\\Middleware\\PreventRequestsDuringMaintenance.php(109): Illuminate\\Pipeline\\Pipeline->Illuminate\\Pipeline\\{closure}(Object(Illuminate\\Http\\Request))
#38 C:\\xampp\\htdocs\\PABW\\TA4\\TemuMakanan\\vendor\\laravel\\framework\\src\\Illuminate\\Pipeline\\Pipeline.php(219): Illuminate\\Foundation\\Http\\Middleware\\PreventRequestsDuringMaintenance->handle(Object(Illuminate\\Http\\Request), Object(Closure))
#39 C:\\xampp\\htdocs\\PABW\\TA4\\TemuMakanan\\vendor\\laravel\\framework\\src\\Illuminate\\Http\\Middleware\\HandleCors.php(48): Illuminate\\Pipeline\\Pipeline->Illuminate\\Pipeline\\{closure}(Object(Illuminate\\Http\\Request))
#40 C:\\xampp\\htdocs\\PABW\\TA4\\TemuMakanan\\vendor\\laravel\\framework\\src\\Illuminate\\Pipeline\\Pipeline.php(219): Illuminate\\Http\\Middleware\\HandleCors->handle(Object(Illuminate\\Http\\Request), Object(Closure))
#41 C:\\xampp\\htdocs\\PABW\\TA4\\TemuMakanan\\vendor\\laravel\\framework\\src\\Illuminate\\Http\\Middleware\\TrustProxies.php(58): Illuminate\\Pipeline\\Pipeline->Illuminate\\Pipeline\\{closure}(Object(Illuminate\\Http\\Request))
#42 C:\\xampp\\htdocs\\PABW\\TA4\\TemuMakanan\\vendor\\laravel\\framework\\src\\Illuminate\\Pipeline\\Pipeline.php(219): Illuminate\\Http\\Middleware\\TrustProxies->handle(Object(Illuminate\\Http\\Request), Object(Closure))
#43 C:\\xampp\\htdocs\\PABW\\TA4\\TemuMakanan\\vendor\\laravel\\framework\\src\\Illuminate\\Foundation\\Http\\Middleware\\InvokeDeferredCallbacks.php(22): Illuminate\\Pipeline\\Pipeline->Illuminate\\Pipeline\\{closure}(Object(Illuminate\\Http\\Request))
#44 C:\\xampp\\htdocs\\PABW\\TA4\\TemuMakanan\\vendor\\laravel\\framework\\src\\Illuminate\\Pipeline\\Pipeline.php(219): Illuminate\\Foundation\\Http\\Middleware\\InvokeDeferredCallbacks->handle(Object(Illuminate\\Http\\Request), Object(Closure))
#45 C:\\xampp\\htdocs\\PABW\\TA4\\TemuMakanan\\vendor\\laravel\\framework\\src\\Illuminate\\Http\\Middleware\\ValidatePathEncoding.php(26): Illuminate\\Pipeline\\Pipeline->Illuminate\\Pipeline\\{closure}(Object(Illuminate\\Http\\Request))
#46 C:\\xampp\\htdocs\\PABW\\TA4\\TemuMakanan\\vendor\\laravel\\framework\\src\\Illuminate\\Pipeline\\Pipeline.php(219): Illuminate\\Http\\Middleware\\ValidatePathEncoding->handle(Object(Illuminate\\Http\\Request), Object(Closure))
#47 C:\\xampp\\htdocs\\PABW\\TA4\\TemuMakanan\\vendor\\laravel\\framework\\src\\Illuminate\\Pipeline\\Pipeline.php(137): Illuminate\\Pipeline\\Pipeline->Illuminate\\Pipeline\\{closure}(Object(Illuminate\\Http\\Request))
#48 C:\\xampp\\htdocs\\PABW\\TA4\\TemuMakanan\\vendor\\laravel\\framework\\src\\Illuminate\\Foundation\\Http\\Kernel.php(175): Illuminate\\Pipeline\\Pipeline->then(Object(Closure))
#49 C:\\xampp\\htdocs\\PABW\\TA4\\TemuMakanan\\vendor\\laravel\\framework\\src\\Illuminate\\Foundation\\Http\\Kernel.php(144): Illuminate\\Foundation\\Http\\Kernel->sendRequestThroughRouter(Object(Illuminate\\Http\\Request))
#50 C:\\xampp\\htdocs\\PABW\\TA4\\TemuMakanan\\vendor\\laravel\\framework\\src\\Illuminate\\Foundation\\Application.php(1220): Illuminate\\Foundation\\Http\\Kernel->handle(Object(Illuminate\\Http\\Request))
#51 C:\\xampp\\htdocs\\PABW\\TA4\\TemuMakanan\\public\\index.php(20): Illuminate\\Foundation\\Application->handleRequest(Object(Illuminate\\Http\\Request))
#52 C:\\xampp\\htdocs\\PABW\\TA4\\TemuMakanan\\vendor\\laravel\\framework\\src\\Illuminate\\Foundation\\resources\\server.php(23): require_once('C:\\\\xampp\\\\htdocs...')
#53 {main}
"} 
